Year,League,Rk,Tm,W,L,W-L%,GB,GBsum,R,RA,Rdiff,SOS,SRS,pythWL,Luck,vEast,vCent,vWest,Inter,Home,Road,ExInn,1Run,vRHP,vLHP,â‰¥.500,<.500
1930,NNL Season:,1,St. Louis Stars,69,25,.734,--,,7.8,5.0,2.9,,,,,,,,,,,,,,,,
1930,NNL Season:,2,Kansas City Monarchs,40,23,.635,13.5,13.5,5.8,4.8,1.0,,,,,,,,,,,,,,,,
1930,NNL Season:,3,Detroit Stars,52,37,.584,14.5,15.5,5.2,4.7,0.4,,,,,,,,,,,,,,,,
1930,NNL Season:,4,Chicago American Giants,53,49,.520,20.0,32.0,4.3,5.7,-1.4,,,,,,,,,,,,,,,,
1930,NNL Season:,5,Birmingham Black Barons,46,48,.489,23.0,44.0,4.8,5.2,-0.4,,,,,,,,,,,,,,,,
1930,NNL Season:,6,Louisville Black Caps,16,28,.364,28.0,69.0,3.7,6.0,-2.2,,,,,,,,,,,,,,,,
1930,NNL Season:,7,Cuban Stars West,25,41,.379,30.0,81.0,4.4,4.7,-0.3,,,,,,,,,,,,,,,,
1930,NNL Season:,8,Memphis Red Sox,30,51,.370,32.5,98.5,4.8,6.2,-1.5,,,,,,,,,,,,,,,,
1930,NNL Season:,9,Nashville Elite Giants,26,55,.321,36.5,130.5,4.0,6.8,-2.8,,,,,,,,,,,,,,,,
1925,NNL Season:,1,Kansas City Monarchs,59,23,.720,--,,5.6,3.6,2.0,,,,,,,,,,,,,,,,
1925,NNL Season:,2,St. Louis Stars,59,30,.663,3.5,3.5,7.1,5.2,1.9,,,,,,,,,,,,,,,,
1925,NNL Season:,3,Chicago American Giants,57,41,.582,10.0,16.5,4.4,4.0,0.4,,,,,,,,,,,,,,,,
1925,NNL Season:,4,Detroit Stars,56,44,.560,12.0,22.5,6.6,5.9,0.7,,,,,,,,,,,,,,,,
1925,NNL Season:,5,Cuban Stars West,20,30,.400,23.0,66.5,5.7,6.7,-1.0,,,,,,,,,,,,,,,,
1925,NNL Season:,6,Memphis Red Sox,34,49,.410,25.5,79.0,4.4,5.4,-1.0,,,,,,,,,,,,,,,,
1925,NNL Season:,7,Birmingham Black Barons,27,59,.314,34.0,130.0,4.9,6.7,-1.8,,,,,,,,,,,,,,,,
1925,NNL Season:,8,Indianapolis ABCs,17,53,.243,36.0,144.0,4.6,7.8,-3.2,,,,,,,,,,,,,,,,
1920,NNL Season:,1,Chicago American Giants,43,17,.717,--,,5.0,3.2,1.8,,,,,,,,,,,,,,,,
1920,NNL Season:,2,Kansas City Monarchs,44,33,.571,7.5,7.5,5.1,4.5,0.6,,,,,,,,,,,,,,,,
1920,NNL Season:,3,Detroit Stars,37,27,.578,8.0,8.5,5.0,4.4,0.6,,,,,,,,,,,,,,,,
1920,NNL Season:,4,Indianapolis ABCs,44,38,.537,10.0,14.5,4.5,4.8,-0.3,,,,,,,,,,,,,,,,
1920,NNL Season:,5,Cuban Stars West,35,34,.507,12.5,24.5,4.7,4.1,0.6,,,,,,,,,,,,,,,,
1920,NNL Season:,6,St. Louis Giants,32,40,.444,17.0,47.0,3.9,4.7,-0.8,,,,,,,,,,,,,,,,
1920,NNL Season:,7,Dayton Marcos,16,36,.308,23.0,83.0,3.8,5.8,-2.0,,,,,,,,,,,,,,,,
1920,NNL Season:,8,Chicago Giants,5,31,.139,26.0,104.0,3.5,6.0,-2.5,,,,,,,,,,,,,,,,
1915,FL Season:,1,Chicago Whales,86,66,.566,--,,4.1,3.5,0.7,-0.1,0.6,88-64,-2,,,,,44-32,42-34,10-6,26-24,67-48,19-18,44-42,42-24
1915,FL Season:,2,St. Louis Terriers,87,67,.565,--,,4.0,3.3,0.7,-0.1,0.6,90-64,-3,,,,,43-34,44-33,5-7,30-22,69-51,18-16,46-42,41-25
1915,FL Season:,3,Pittsburgh Rebels,86,67,.562,0.5,1.0,3.8,3.4,0.4,0.0,0.4,85-68,1,,,,,45-31,41-36,8-5,23-20,69-51,17-16,43-44,43-23
1915,FL Season:,4,Kansas City Packers,81,72,.529,5.5,16.0,3.6,3.6,0.0,0.0,0.0,76-77,5,,,,,46-31,35-41,4-6,33-23,67-58,14-14,41-46,40-26
1915,FL Season:,5,Newark Pepper,80,72,.526,6.0,18.0,3.8,3.6,0.1,0.0,0.1,79-73,1,,,,,40-39,40-33,8-6,23-27,51-43,29-29,43-43,37-29
1915,FL Season:,6,Buffalo Blues,74,78,.487,12.0,48.0,3.8,4.1,-0.4,0.1,-0.3,69-83,5,,,,,37-40,37-38,4-5,24-20,66-69,8-9,49-61,25-17
1915,FL Season:,7,Brooklyn Tip-Tops,70,82,.461,16.0,72.0,4.2,4.4,-0.2,0.0,-0.1,73-79,-3,,,,,34-40,36-42,8-3,17-24,43-46,27-36,46-64,24-18
1915,FL Season:,8,Baltimore Terrapins,47,107,.305,40.0,240.0,3.6,4.9,-1.4,0.2,-1.2,55-99,-8,,,,,24-51,23-56,4-13,15-31,39-85,8-22,32-78,15-29
1890,PL Season:,1,Boston Reds,81,48,.628,--,,7.8,5.9,1.9,-0.3,1.5,81-48,0,,,,,48-21,33-27,,17-8,69-41,8-6,45-29,36-19
1890,PL Season:,2,Brooklyn Ward's Wonders,76,56,.576,6.5,6.5,7.2,6.7,0.5,-0.1,0.4,71-61,5,,,,,46-19,30-37,,20-15,58-39,12-15,38-36,38-20
1890,PL Season:,3,New York Giants,74,57,.565,8.0,9.5,7.7,6.6,1.1,-0.2,0.9,75-56,-1,,,,,47-19,27-38,,13-13,60-41,14-13,32-40,42-17
1890,PL Season:,4,Chicago White Stockings,75,62,.547,10.0,15.5,6.4,5.6,0.8,-0.1,0.7,77-60,-2,,,,,46-23,29-39,,13-18,61-54,12-8,36-41,39-21
1890,PL Season:,5,Philadelphia Athletics,68,63,.519,14.0,31.5,7.1,6.5,0.7,-0.1,0.5,71-60,-3,,,,,35-30,33-33,,10-19,53-49,13-13,34-39,34-24
1890,PL Season:,6,Pittsburgh Burghers,60,68,.469,20.5,64.0,6.5,7.1,-0.6,0.1,-0.4,59-69,1,,,,,37-28,23-40,,11-10,42-55,15-13,38-56,22-12
1890,PL Season:,7,Cleveland Infants,55,75,.423,26.5,100.0,6.5,7.8,-1.4,0.3,-1.1,54-76,1,,,,,31-30,24-45,,17-14,41-58,11-12,39-59,16-16
1890,PL Season:,8,Buffalo Bisons,36,96,.273,46.5,240.0,5.9,8.9,-3.0,0.4,-2.6,42-90,-6,,,,,23-42,13-54,,5-9,18-59,14-34,24-74,12-22
1890,AA Season:,1,Louisville Colonels,88,44,.667,--,,6.1,4.4,1.7,-0.3,1.5,85-47,3,,,,,57-13,31-31,,19-7,53-20,25-16,42-33,46-11
1890,AA Season:,2,Columbus Solons,79,55,.590,10.0,10.0,5.9,4.4,1.5,-0.2,1.4,85-49,-6,,,,,47-22,32-33,,11-16,50-37,18-18,45-32,34-23
1890,AA Season:,3,St. Louis Browns,77,58,.570,12.5,15.0,6.3,5.3,1.0,-0.1,0.8,78-57,-1,,,,,44-25,33-33,,15-11,50-33,16-14,40-36,37-22
1890,AA Season:,4,Toledo Maumees,68,64,.515,20.0,37.5,5.5,5.1,0.4,-0.1,0.3,70-62,-2,,,,,40-27,28-37,,17-21,41-42,16-14,31-42,37-22
1890,AA Season:,5,Rochester Broncos,63,63,.500,22.0,45.5,5.3,5.3,0.0,0.0,0.0,63-63,0,,,,,40-22,23-41,,12-14,34-48,22-12,29-44,34-19
1890,AA Season:,6,Baltimore Orioles,15,19,.441,24.0,55.5,4.8,5.1,-0.3,0.4,0.1,16-18,-1,,,,,8-11,7-8,,2-5,4-12,5-3,12-15,3-4
1890,AA Season:,7,Syracuse Stars,55,72,.433,30.5,94.5,5.5,6.5,-1.0,0.1,-1.0,53-74,2,,,,,30-30,25-42,,19-16,29-43,15-21,34-56,21-16
1890,AA Season:,8,Philadelphia Athletics,54,78,.409,34.0,119.0,5.3,7.2,-1.8,0.3,-1.6,48-84,6,,,,,36-36,18-42,,13-16,33-51,14-22,32-67,22-11
1890,AA Season:,9,Brooklyn Gladiators,26,73,.263,45.5,211.0,4.9,7.3,-2.4,0.2,-2.2,32-67,-6,,,,,15-22,11-50,,12-14,14-49,9-14,19-50,7-22
1885,AA Season:,1,St. Louis Browns,79,33,.705,--,,6.0,4.1,1.9,-0.3,1.7,75-37,4,,,,,44-11,35-22,,18-6,59-21,11-6,20-12,59-21
1885,AA Season:,2,Cincinnati,63,49,.562,16.0,16.0,5.7,5.1,0.6,-0.1,0.5,62-50,1,,,,,35-21,28-28,,20-13,48-39,8-7,15-17,48-32
1885,AA Season:,3,Allegheny City,56,55,.505,22.5,29.0,4.9,4.9,0.1,0.0,0.1,56-55,0,,,,,37-20,19-35,,16-15,40-45,4-2,13-19,43-36
1885,AA Season:,4,Philadelphia Athletics,55,57,.491,24.0,33.5,6.8,6.1,0.6,-0.1,0.5,61-51,-6,,,,,33-23,22-34,,10-15,34-41,8-4,21-27,34-30
1885,AA Season:,5,Brooklyn,53,59,.473,26.0,41.5,5.6,5.8,-0.2,0.0,-0.2,54-58,-1,,,,,35-22,18-37,,10-12,36-41,11-9,15-33,38-26
1885,AA Season:,6,Louisville Colonels,53,59,.473,26.0,41.5,5.0,5.3,-0.3,0.0,-0.3,53-59,0,,,,,37-19,16-40,,10-16,43-48,3-8,21-27,32-32
1885,AA Season:,7,New York Metropolitans,44,64,.407,33.0,83.5,4.9,6.4,-1.5,0.2,-1.3,41-67,3,,,,,28-24,16-40,,11-10,28-52,7-7,18-29,26-35
1885,AA Season:,8,Baltimore Orioles,41,68,.376,36.5,108.0,4.9,6.2,-1.3,0.2,-1.1,43-66,-2,,,,,29-26,12-42,,9-17,27-48,4-10,14-34,27-34
1875,NA Season:,1,Boston Red Stockings,71,8,.899,--,,10.1,4.2,6.0,-0.8,5.1,66-13,5,,,,,37-0,34-8,,7-2,60-8,5-0,30-5,41-3
1875,NA Season:,2,Hartford Dark Blues,54,28,.659,18.5,22.0,6.5,4.0,2.5,-0.8,1.7,58-24,-4,,,,,26-11,28-17,,5-6,45-27,4-0,14-21,40-7
1875,NA Season:,3,Philadelphia Athletics,53,20,.726,15.0,15.0,9.1,5.2,3.9,-0.4,3.4,54-19,-1,,,,,28-7,25-13,,6-2,44-19,4-0,19-15,34-5
1875,NA Season:,4,St. Louis Brown Stockings,39,29,.574,26.5,46.0,5.5,5.3,0.2,0.2,0.5,35-33,4,,,,,21-12,18-17,,7-4,38-29,0-0,13-23,26-6
1875,NA Season:,5,Philadelphia Whites,37,31,.544,28.5,54.0,6.7,5.4,1.3,-0.1,1.3,41-27,-4,,,,,16-16,21-15,,7-8,29-30,4-0,11-23,26-8
1875,NA Season:,6,Chicago White Stockings,30,37,.448,35.0,86.5,5.5,6.0,-0.5,0.6,0.1,31-36,-1,,,,,16-16,14-21,,5-5,27-37,2-0,15-33,15-4
1875,NA Season:,7,New York Mutuals,30,38,.441,35.5,89.5,4.6,6.0,-1.4,0.4,-1.0,26-42,4,,,,,13-21,17-17,,7-4,21-37,3-0,10-34,20-4
1875,NA Season:,8,New Haven Elm Citys,7,40,.149,48.0,218.0,3.6,8.4,-4.8,0.3,-4.5,8-39,-1,,,,,3-24,4-16,,1-8,6-37,0-1,3-26,4-14
1875,NA Season:,9,Washington Nationals,5,23,.179,40.5,135.5,3.8,12.1,-8.3,0.6,-7.7,3-25,2,,,,,2-10,3-13,,2-0,3-22,0-0,0-20,5-3
1875,NA Season:,10,St. Louis Red Stockings,4,15,.211,37.0,100.5,3.2,8.5,-5.3,-1.3,-6.6,3-16,1,,,,,3-11,1-4,,0-2,4-15,0-0,0-7,4-8
1875,NA Season:,11,Philadelphia Centennials,2,12,.143,36.5,96.5,5.0,9.9,-4.9,2.1,-2.7,3-11,-1,,,,,0-7,2-5,,0-1,2-12,0-0,1-10,1-2
1875,NA Season:,12,Brooklyn Atlantics,2,42,.045,51.5,260.0,3.0,10.0,-7.0,1.4,-5.6,4-40,-2,,,,,1-26,1-16,,1-3,1-40,0-0,0-32,2-10
1875,NA Season:,13,Keokuk Westerns,1,12,.077,37.0,100.5,3.5,6.8,-3.3,-1.0,-4.3,3-10,-2,,,,,1-7,0-5,,0-3,1-10,0-0,0-5,1-7
1871,NA Season:,1,Philadelphia Athletics,21,7,.750,--,,13.4,9.5,3.9,-0.2,3.7,18-10,3,,,,,11-3,10-4,,3-0,16-7,4-0,7-5,14-2
1871,NA Season:,2,Boston Red Stockings,20,10,.667,2.0,2.0,12.9,9.8,3.2,-0.2,2.9,19-11,1,,,,,11-5,9-5,,1-3,16-8,3-2,7-5,13-5
1871,NA Season:,3,Chicago White Stockings,19,9,.679,2.0,2.0,10.8,8.6,2.2,0.1,2.3,17-11,2,,,,,13-4,6-5,,1-0,18-8,1-1,8-6,11-34
1871,NA Season:,4,New York Mutuals,16,17,.485,7.5,19.0,9.2,9.5,-0.3,0.0,-0.4,16-17,0,,,,,12-7,4-10,,1-3,14-13,1-3,8-9,8-8
1871,NA Season:,5,Washington Olympics,15,15,.500,7.0,17.0,9.7,9.5,0.2,0.1,0.3,15-15,0,,,,,8-6,7-9,,1-1,12-13,3-2,3-9,12-6
1871,NA Season:,6,Troy Haymakers,13,15,.464,8.0,21.5,12.1,12.5,-0.4,0.0,-0.3,14-14,-1,,,,,7-9,6-6,,2-0,13-15,0-0,5-10,8-5
1871,NA Season:,7,Cleveland Forest Citys,10,19,.345,11.5,44.5,8.6,11.8,-3.2,0.1,-3.1,10-19,0,,,,,3-10,7-9,,3-0,8-17,2-2,2-11,8-8
1871,NA Season:,8,Fort Wayne Kekiongas,7,12,.368,9.5,30.5,7.2,12.8,-5.6,0.2,-5.4,5-14,2,,,,,5-4,2-8,,0-0,6-11,1-1,1-8,6-4
1871,NA Season:,9,Rockford Forest Citys,4,21,.160,15.5,76.5,9.2,11.5,-2.2,0.1,-2.2,10-15,-6,,,,,3-4,1-17,,0-5,3-19,1-2,0-12,4-9
1876,NL,1,Chicago White Stockings,52,14,.788,,,9.5,3.9,5.6,-0.7,4.9,55-11,-3,,,,,25-6,27-8,,4-6,52-14,0-0,19-11,33-3
1876,NL,2,Hartford Dark Blues,47,21,.691,,,6.2,3.8,2.4,-0.3,2.1,48-20,-1,,,,,23-9,24-12,,6-3,47-21,0-0,16-14,31-7
1876,NL,3,St. Louis Brown Stockings,45,19,.703,,,6.0,3.6,2.5,-0.2,2.3,46-18,-1,,,,,24-6,21-13,,5-4,45-19,0-0,18-12,27-7
1876,NL,4,Boston Reds,39,31,.557,,,6.7,6.4,0.3,-0.1,0.2,36-34,3,,,,,19-17,20-14,,10-5,39-31,0-0,7-23,32-8
1876,NL,5,Louisville Grays,30,36,.455,,,4.1,5.0,-0.9,0.1,-0.8,27-39,3,,,,,15-16,15-20,,3-5,30-36,0-0,11-29,19-7
1876,NL,6,New York Mutuals,21,35,.375,,,4.6,7.2,-2.7,0.2,-2.4,17-39,4,,,,,13-20,8-15,,6-4,21-35,0-0,8-25,13-10
1876,NL,7,Philadelphia Athletics,14,45,.237,,,6.3,8.9,-2.6,0.3,-2.3,20-39,-6,,,,,10-24,4-21,,2-7,14-45,0-0,3-33,11-12
1876,NL,8,Cincinnati Reds,9,56,.138,,,3.7,8.9,-5.2,0.7,-4.5,11-54,-2,,,,,6-24,3-32,,2-4,9-56,0-0,3-36,6-20
1880,NL,1,Chicago White Stockings,67,17,.798,,,6.3,3.7,2.6,-0.3,2.2,61-23,6,,,,,37-5,30-12,,12-4,53-14,14-3,17-7,50-10
1880,NL,2,Providence Grays,52,32,.619,,,4.8,3.4,1.4,-0.2,1.2,55-29,-3,,,,,31-12,21-20,,11-12,47-25,5-7,12-12,40-20
1880,NL,3,Cleveland Blues,47,37,.560,,,4.6,4.0,0.6,-0.1,0.5,47-37,0,,,,,24-19,23-18,,11-8,39-32,8-5,7-17,40-20
1880,NL,4,Troy Trojans,41,42,.494,,,4.7,5.3,-0.6,0.1,-0.5,37-46,4,,,,,20-21,21-21,,8-11,34-30,7-12,10-26,31-16
1880,NL,5,Worcester Ruby Legs,40,43,.482,,,4.8,4.4,0.5,0.0,0.5,46-37,-6,,,,,24-17,16-26,,10-10,38-42,2-1,14-22,26-21
1880,NL,6,Boston,40,44,.476,,,4.8,5.3,-0.5,0.0,-0.4,38-46,2,,,,,25-17,15-27,,13-8,36-41,4-3,13-23,27-21
1880,NL,7,Buffalo Bisons,24,58,.293,,,3.9,5.9,-2.0,0.2,-1.8,26-56,-2,,,,,13-28,11-30,,10-13,16-53,8-4,6-30,18-28
1880,NL,8,Cincinnati Stars,21,59,.263,,,3.6,5.7,-2.1,0.3,-1.8,24-56,-3,,,,,14-25,7-34,,4-13,16-50,5-9,7-29,14-30
1885,NL,1,Chicago White Stockings,87,25,.777,,,7.4,4.2,3.2,-0.4,2.8,83-29,4,,,,,42-14,45-11,,10-9,78-22,8-3,17-15,70-10
1885,NL,2,St. Louis Browns,79,33,.705,,,6.0,4.1,1.9,-0.3,1.7,75-37,4,,,,,44-11,35-22,,18-6,59-21,11-6,20-12,59-21
1885,NL,3,New York Giants,85,27,.759,,,6.2,3.3,2.9,-0.4,2.5,85-27,0,,,,,51-10,34-17,,22-8,74-24,9-3,21-11,64-16
1885,NL,4,Cincinnati,63,49,.562,,,5.7,5.1,0.6,-0.1,0.5,62-50,1,,,,,35-21,28-28,,20-13,48-39,8-7,15-17,48-32
1885,NL,5,Philadelphia,56,54,.509,,,4.6,4.6,0.0,0.0,0.0,55-55,1,,,,,29-26,27-28,,13-12,47-50,7-4,10-22,46-32
1885,NL,6,Allegheny City,56,55,.505,,,4.9,4.9,0.1,0.0,0.1,56-55,0,,,,,37-20,19-35,,16-15,40-45,4-2,13-19,43-36
1885,NL,7,Philadelphia Athletics,55,57,.491,,,6.8,6.1,0.6,-0.1,0.5,61-51,-6,,,,,33-23,22-34,,10-15,34-41,8-4,21-27,34-30
1885,NL,8,Providence Grays,53,57,.482,,,4.0,4.8,-0.8,0.1,-0.7,46-64,7,,,,,31-20,22-37,,16-12,51-55,2-2,16-31,37-26
1885,NL,9,Brooklyn,53,59,.473,,,5.6,5.8,-0.2,0.0,-0.2,54-58,-1,,,,,35-22,18-37,,10-12,36-41,11-9,15-33,38-26
1885,NL,10,Boston,46,66,.411,,,4.7,5.2,-0.5,0.1,-0.5,50-62,-4,,,,,24-34,22-32,,11-20,37-60,8-6,12-36,34-30
1885,NL,11,Louisville Colonels,53,59,.473,,,5.0,5.3,-0.3,0.0,-0.3,53-59,0,,,,,37-19,16-40,,10-16,43-48,3-8,21-27,32-32
1885,NL,12,Detroit Wolverines,41,67,.380,,,4.8,5.4,-0.6,0.1,-0.5,48-60,-7,,,,,29-23,12-44,,10-17,37-64,4-3,12-36,29-31
1885,NL,13,New York Metropolitans,44,64,.407,,,4.9,6.4,-1.5,0.2,-1.3,41-67,3,,,,,28-24,16-40,,11-10,28-52,7-7,18-29,26-35
1885,NL,14,Buffalo Bisons,38,74,.339,,,4.4,6.8,-2.4,0.3,-2.1,35-77,3,,,,,19-34,19-40,,10-7,32-64,4-10,6-42,32-32
1885,NL,15,Baltimore Orioles,41,68,.376,,,4.9,6.2,-1.3,0.2,-1.1,43-66,-2,,,,,29-26,12-42,,9-17,27-48,4-10,14-34,27-34
1885,NL,16,St. Louis Maroons,36,72,.333,,,3.5,5.3,-1.8,0.3,-1.6,34-74,2,,,,,23-33,13-39,,8-15,32-64,3-8,12-35,24-37
1890,NL,1,Louisville Colonels,88,44,.667,,,6.1,4.4,1.7,-0.3,1.5,85-47,3,,,,,57-13,31-31,,19-7,53-20,25-16,42-33,46-11
1890,NL,2,Brooklyn Bridegrooms,86,43,.667,,,6.9,4.8,2.0,-0.3,1.7,85-44,1,,,,,58-16,28-27,,14-4,69-40,17-3,41-30,45-13
1890,NL,3,Boston Reds,81,48,.628,,,7.8,5.9,1.9,-0.3,1.5,81-48,0,,,,,48-21,33-27,,17-8,69-41,8-6,45-29,36-19
1890,NL,4,Chicago Colts,83,53,.610,,,6.1,5.0,1.1,-0.1,1.0,80-56,3,,,,,48-24,35-29,,20-10,71-47,12-5,40-37,43-16
1890,NL,5,Columbus Solons,79,55,.590,,,5.9,4.4,1.5,-0.2,1.4,85-49,-6,,,,,47-22,32-33,,11-16,50-37,18-18,45-32,34-23
1890,NL,6,Brooklyn Ward's Wonders,76,56,.576,,,7.2,6.7,0.5,-0.1,0.4,71-61,5,,,,,46-19,30-37,,20-15,58-39,12-15,38-36,38-20
1890,NL,7,Philadelphia Phillies,78,53,.595,,,6.2,5.3,0.9,-0.1,0.8,75-56,3,,,,,54-21,24-32,,17-9,59-48,17-5,36-40,42-13
1890,NL,8,St. Louis Browns,77,58,.570,,,6.3,5.3,1.0,-0.1,0.8,78-57,-1,,,,,44-25,33-33,,15-11,50-33,16-14,40-36,37-22
1890,NL,9,New York Giants,74,57,.565,,,7.7,6.6,1.1,-0.2,0.9,75-56,-1,,,,,47-19,27-38,,13-13,60-41,14-13,32-40,42-17
1890,NL,10,Cincinnati Reds,77,55,.583,,,5.6,4.7,0.9,-0.1,0.8,76-56,1,,,,,50-23,27-32,,10-11,57-48,17-7,34-41,43-14
1890,NL,11,Chicago White Stockings,75,62,.547,,,6.4,5.6,0.8,-0.1,0.7,77-60,-2,,,,,46-23,29-39,,13-18,61-54,12-8,36-41,39-21
1890,NL,12,Toledo Maumees,68,64,.515,,,5.5,5.1,0.4,-0.1,0.3,70-62,-2,,,,,40-27,28-37,,17-21,41-42,16-14,31-42,37-22
1890,NL,13,Boston,76,57,.571,,,5.7,4.4,1.3,-0.2,1.1,82-51,-6,,,,,43-23,33-34,,21-17,59-53,17-4,36-39,40-18
1890,NL,14,Philadelphia Athletics,68,63,.519,,,7.1,6.5,0.7,-0.1,0.5,71-60,-3,,,,,35-30,33-33,,10-19,53-49,13-13,34-39,34-24
1890,NL,15,Rochester Broncos,63,63,.500,,,5.3,5.3,0.0,0.0,0.0,63-63,0,,,,,40-22,23-41,,12-14,34-48,22-12,29-44,34-19
1890,NL,16,New York Giants,63,68,.481,,,5.3,5.2,0.1,-0.1,0.0,67-64,-4,,,,,37-27,26-41,,11-21,49-60,14-8,34-59,29-9
1890,NL,17,Pittsburgh Burghers,60,68,.469,,,6.5,7.1,-0.6,0.1,-0.4,59-69,1,,,,,37-28,23-40,,11-10,42-55,15-13,38-56,22-12
1890,NL,18,Baltimore Orioles,15,19,.441,,,4.8,5.1,-0.3,0.4,0.1,16-18,-1,,,,,8-11,7-8,,2-5,4-12,5-3,12-15,3-4
1890,NL,19,Syracuse Stars,55,72,.433,,,5.5,6.5,-1.0,0.1,-1.0,53-74,2,,,,,30-30,25-42,,19-16,29-43,15-21,34-56,21-16
1890,NL,20,Cleveland Infants,55,75,.423,,,6.5,7.8,-1.4,0.3,-1.1,54-76,1,,,,,31-30,24-45,,17-14,41-58,11-12,39-59,16-16
1890,NL,21,Cleveland Spiders,44,88,.333,,,4.6,6.1,-1.5,0.2,-1.3,50-82,-6,,,,,30-37,14-51,,9-21,38-79,5-9,26-70,18-18
1890,NL,22,Philadelphia Athletics,54,78,.409,,,5.3,7.2,-1.8,0.3,-1.6,48-84,6,,,,,36-36,18-42,,13-16,33-51,14-22,32-67,22-11
1890,NL,23,Buffalo Bisons,36,96,.273,,,5.9,8.9,-3.0,0.4,-2.6,42-90,-6,,,,,23-42,13-54,,5-9,18-59,14-34,24-74,12-22
1890,NL,24,Allegheny City,23,113,.169,,,4.3,8.9,-4.6,0.6,-4.0,28-108,-5,,,,,14-25,9-88,,4-13,18-101,5-12,14-84,9-29
1890,NL,25,Brooklyn Gladiators,26,73,.263,,,4.9,7.3,-2.4,0.2,-2.2,32-67,-6,,,,,15-22,11-50,,12-14,14-49,9-14,19-50,7-22
1895,NL,1,Baltimore Orioles,87,43,.669,,,7.7,4.9,2.8,-0.2,2.5,90-40,-3,,,,,54-12,33-31,,15-13,68-31,17-11,62-33,25-10
1895,NL,2,Cleveland Spiders,84,46,.646,,,7.0,5.5,1.5,-0.2,1.3,79-51,5,,,,,49-13,35-33,,22-9,65-42,14-4,54-40,30-6
1895,NL,3,Philadelphia Phillies,78,53,.595,,,8.0,7.2,0.8,0.0,0.8,72-59,6,,,,,51-21,27-32,,18-17,58-37,18-15,53-42,25-11
1895,NL,4,Chicago Colts,72,58,.554,,,6.5,6.4,0.1,0.0,0.1,66-64,6,,,,,43-24,29-34,,16-12,62-49,10-6,44-51,28-7
1895,NL,5,Brooklyn Grooms,71,60,.542,,,6.6,6.3,0.3,0.0,0.3,68-63,3,,,,,43-22,28-38,,16-10,60-58,8-2,46-49,25-11
1895,NL,6,Boston,71,60,.542,,,6.8,6.2,0.6,-0.1,0.5,71-60,0,,,,,48-19,23-41,,10-15,61-55,9-4,44-51,27-9
1895,NL,7,Pittsburgh Pirates,71,61,.538,,,6.1,6.0,0.1,0.0,0.1,67-65,4,,,,,44-21,27-40,,19-9,56-48,13-11,44-52,27-9
1895,NL,8,Cincinnati Reds,66,64,.508,,,6.8,6.5,0.4,0.0,0.3,68-62,-2,,,,,42-22,24-42,,17-16,54-56,10-6,43-53,23-11
1895,NL,9,New York Giants,66,65,.504,,,6.5,6.3,0.1,0.0,0.2,67-64,-1,,,,,40-27,26-38,,15-15,54-53,12-10,38-57,28-8
1895,NL,10,Washington Senators,43,85,.336,,,6.3,7.9,-1.6,0.1,-1.4,51-77,-8,,,,,31-34,12-51,,7-20,35-75,7-8,32-73,11-12
1895,NL,11,St. Louis Browns,39,92,.298,,,5.5,7.6,-2.1,0.2,-1.9,47-84,-8,,,,,25-41,14-51,,9-20,29-80,7-11,27-81,12-11
1895,NL,12,Louisville Colonels,35,96,.267,,,5.3,8.3,-3.0,0.2,-2.7,40-91,-5,,,,,19-38,16-58,,9-17,26-78,8-11,23-84,12-12
1900,NL,1,Brooklyn Superbas,82,54,.603,,,5.8,5.1,0.7,-0.1,0.6,76-60,6,,,,,43-26,39-28,,18-17,62-46,19-8,18-19,64-35
1900,NL,2,Pittsburgh Pirates,79,60,.568,,,5.2,4.4,0.9,-0.1,0.8,81-58,-2,,,,,42-28,37-32,,20-24,64-41,15-19,22-17,57-43
1900,NL,3,Philadelphia Phillies,75,63,.543,,,5.7,5.6,0.1,0.0,0.1,70-68,5,,,,,45-23,30-40,,21-10,64-51,11-12,17-21,58-42
1900,NL,4,Boston,66,72,.478,,,5.5,5.2,0.3,0.0,0.3,72-66,-6,,,,,42-29,24-43,,18-19,53-58,13-14,18-42,48-30
1900,NL,5,St. Louis Cardinals,65,75,.464,,,5.3,5.3,0.0,0.0,0.0,70-70,-5,,,,,40-31,25-44,,14-25,52-58,13-16,24-36,41-39
1900,NL,6,Chicago Orphans,65,75,.464,,,4.3,5.1,-0.8,0.1,-0.7,59-81,6,,,,,45-30,20-45,,22-13,49-60,16-15,27-33,38-42
1900,NL,7,Cincinnati Reds,62,77,.446,,,4.9,5.2,-0.3,0.0,-0.3,66-73,-4,,,,,27-34,35-43,,23-23,51-66,11-11,25-34,37-43
1900,NL,8,New York Giants,60,78,.435,,,5.1,5.8,-0.8,0.1,-0.7,60-78,0,,,,,38-31,22-47,,18-23,42-65,18-13,26-34,34-44
1905,NL,1,New York Giants,105,48,.686,--,,5.0,3.3,1.8,-0.2,1.6,105-48,0,,,,,54-21,51-27,,29-19,96-41,9-7,54-33,51-15
1905,NL,2,Pittsburgh Pirates,96,57,.627,9.0,9.0,4.5,3.7,0.8,-0.1,0.7,90-63,6,,,,,49-28,47-29,,32-16,86-48,10-9,51-37,45-20
1905,NL,3,Chicago Cubs,92,61,.601,13.0,17.0,4.3,2.9,1.5,-0.2,1.3,104-49,-12,,,,,54-25,38-36,,30-32,81-53,11-8,44-43,48-18
1905,NL,4,Philadelphia Phillies,83,69,.546,21.5,42.5,4.6,3.9,0.7,-0.1,0.6,87-65,-4,,,,,39-36,44-33,,18-25,73-62,10-7,32-55,51-14
1905,NL,5,Cincinnati Reds,79,74,.516,26.0,60.5,4.7,4.5,0.2,0.0,0.2,80-73,-1,,,,,50-28,29-46,,21-22,69-62,10-12,37-50,42-24
1905,NL,6,St. Louis Cardinals,58,96,.377,47.5,168.0,3.5,4.8,-1.3,0.2,-1.1,55-99,3,,,,,32-45,26-51,,24-26,53-80,5-16,32-78,26-18
1905,NL,7,Boston Nationals,51,103,.331,54.5,210.0,3.0,4.7,-1.7,0.2,-1.5,47-107,4,,,,,29-46,22-57,,21-29,47-90,4-13,32-78,19-25
1905,NL,8,Brooklyn Superbas,48,104,.316,56.5,224.0,3.3,5.2,-1.9,0.2,-1.7,45-107,3,,,,,29-47,19-57,,20-26,40-90,8-14,27-81,21-23
1905,AL,1,Philadelphia Athletics,92,56,.622,--,,4.1,3.2,0.9,-0.1,0.8,90-58,2,,,,,51-22,41-34,,32-28,73-44,19-12,40-25,52-31
1905,AL,2,Chicago White Sox,92,60,.605,2.0,2.0,3.9,2.9,1.0,-0.1,0.9,97-55,-5,,,,,50-29,42-31,,31-20,70-40,22-20,36-29,56-31
1905,AL,3,Detroit Tigers,79,74,.516,15.5,29.0,3.3,3.9,-0.6,0.1,-0.5,65-88,14,,,,,45-30,34-44,,32-16,61-46,18-28,32-34,47-40
1905,AL,4,Boston Americans,78,74,.513,16.0,30.5,3.8,3.7,0.1,0.0,0.1,78-74,0,,,,,44-32,34-42,,24-28,60-47,18-27,23-43,55-31
1905,AL,5,Cleveland Napoleons,76,78,.494,19.0,42.5,3.6,3.8,-0.1,0.0,-0.1,74-80,2,,,,,41-36,35-42,,23-19,60-52,16-26,36-52,40-26
1905,AL,6,New York Highlanders,71,78,.477,21.5,55.0,3.9,4.1,-0.2,0.0,-0.2,71-78,0,,,,,40-35,31-43,,20-22,59-50,12-28,31-52,40-26
1905,AL,7,Washington Nationals,64,87,.424,29.5,103.0,3.6,4.0,-0.4,0.1,-0.4,68-83,-4,,,,,33-42,31-45,,21-32,54-70,10-17,36-49,28-38
1905,AL,8,St. Louis Browns,54,99,.353,40.5,180.0,3.3,3.9,-0.6,0.1,-0.5,65-88,-11,,,,,34-42,20-57,,17-35,33-75,21-24,30-57,24-42
1910,NL,1,Chicago Cubs,104,50,.675,--,,4.6,3.2,1.4,-0.2,1.2,101-53,3,,,,,58-19,46-31,,31-18,80-32,24-18,40-26,64-24
1910,NL,2,New York Giants,91,63,.591,13.0,13.0,4.6,3.7,1.0,-0.1,0.8,93-61,-2,,,,,52-26,39-37,,28-21,58-42,33-21,35-31,56-32
1910,NL,3,Pittsburgh Pirates,86,67,.562,17.5,22.0,4.3,3.7,0.5,-0.1,0.4,85-68,1,,,,,46-30,40-37,,23-22,70-57,16-10,31-35,55-32
1910,NL,4,Philadelphia Phillies,78,75,.510,25.5,46.0,4.3,4.1,0.2,0.0,0.2,80-73,-2,,,,,40-36,38-39,,20-19,63-62,15-13,26-40,52-35
1910,NL,5,Cincinnati Reds,75,79,.487,29.0,60.0,4.0,4.4,-0.4,0.0,-0.4,70-84,5,,,,,39-37,36-42,,23-18,67-73,8-6,34-54,41-25
1910,NL,6,Brooklyn Superbas,64,90,.416,40.0,115.0,3.2,4.0,-0.8,0.1,-0.7,61-93,3,,,,,39-39,25-51,,19-33,43-69,21-21,33-55,31-35
1910,NL,7,St. Louis Cardinals,63,90,.412,40.5,118.0,4.2,4.7,-0.5,0.1,-0.5,68-85,-5,,,,,35-41,28-49,,18-20,50-67,13-23,33-54,30-36
1910,NL,8,Boston Doves,53,100,.346,50.5,188.0,3.2,4.5,-1.3,0.2,-1.1,53-100,0,,,,,29-48,24-52,,17-28,47-84,6-16,23-64,30-36
1910,AL,1,Philadelphia Athletics,102,48,.680,--,,4.3,2.9,1.5,-0.2,1.3,103-47,-1,,,,,57-19,45-29,,23-19,81-37,21-11,43-22,59-26
1910,AL,2,New York Highlanders,88,63,.583,14.5,14.5,4.0,3.6,0.4,-0.1,0.4,84-67,4,,,,,49-25,39-38,,30-20,78-55,10-8,31-34,57-29
1910,AL,3,Detroit Tigers,86,68,.558,18.0,21.5,4.4,3.8,0.6,-0.1,0.5,88-66,-2,,,,,46-31,40-37,,19-17,52-36,34-32,32-34,54-34
1910,AL,4,Boston Red Sox,81,72,.529,22.5,35.0,4.1,3.6,0.5,-0.1,0.4,85-68,-4,,,,,51-28,30-44,,25-27,56-51,25-21,25-41,56-31
1910,AL,5,Cleveland Naps,71,81,.467,32.0,73.0,3.4,4.1,-0.7,0.1,-0.6,63-89,8,,,,,39-36,32-45,,29-22,64-74,7-7,32-54,39-27
1910,AL,6,Chicago White Sox,68,85,.444,35.5,90.5,2.9,3.1,-0.1,0.0,-0.1,73-80,-5,,,,,41-37,27-48,,23-33,51-76,17-9,37-50,31-35
1910,AL,7,Washington Nationals,66,85,.437,36.5,96.5,3.2,3.5,-0.3,0.0,-0.3,69-82,-3,,,,,38-35,28-50,,23-30,49-63,17-22,27-58,39-27
1910,AL,8,St. Louis Browns,47,107,.305,57.0,240.0,2.9,4.7,-1.8,0.2,-1.6,44-110,3,,,,,26-51,21-56,,22-26,31-83,16-24,24-64,23-43
1915,NL,1,Philadelphia Phillies,90,62,.592,--,,3.8,3.0,0.8,-0.1,0.7,92-60,-2,,,,,49-27,41-35,10-6,24-24,75-56,15-6,23-20,67-42
1915,NL,2,Boston Braves,83,69,.546,7.0,7.0,3.7,3.5,0.2,0.0,0.2,81-71,2,,,,,49-27,34-42,8-3,30-21,51-48,32-21,21-22,62-47
1915,NL,3,Brooklyn Dodgers,80,72,.526,10.0,13.0,3.5,3.6,-0.2,0.0,-0.1,73-79,7,,,,,51-26,29-46,6-7,32-20,51-53,29-19,21-23,59-49
1915,NL,4,Chicago Cubs,73,80,.477,17.5,35.5,3.7,4.0,-0.3,0.0,-0.3,71-82,2,,,,,42-34,31-46,8-8,20-31,43-56,30-24,27-38,46-42
1915,NL,5,Pittsburgh Pirates,73,81,.474,18.0,37.5,3.6,3.3,0.2,0.0,0.2,82-72,-9,,,,,40-37,33-44,5-7,21-26,58-60,15-21,30-36,43-45
1915,NL,6,St. Louis Cardinals,72,81,.471,18.5,40.0,3.8,3.8,-0.1,0.0,-0.1,75-78,-3,,,,,42-36,30-45,7-10,21-29,51-61,21-20,30-35,42-46
1915,NL,7,Cincinnati Reds,71,83,.461,20.0,49.0,3.2,3.7,-0.4,0.1,-0.4,68-86,3,,,,,39-37,32-46,8-5,28-21,63-78,8-5,27-39,44-44
1915,NL,8,New York Giants,69,83,.454,21.0,56.0,3.8,4.1,-0.3,0.0,-0.3,71-81,-2,,,,,37-38,32-45,4-10,20-24,55-67,14-16,24-40,45-43
1915,AL,1,Boston Red Sox,101,50,.669,--,,4.3,3.2,1.1,-0.1,0.9,95-56,6,,,,,55-20,46-30,7-4,29-21,66-36,35-14,41-24,60-26
1915,AL,2,Detroit Tigers,100,54,.649,2.5,2.5,5.0,3.8,1.2,-0.2,1.0,95-59,5,,,,,51-26,49-28,8-6,34-16,66-35,34-19,36-30,64-24
1915,AL,3,Chicago White Sox,93,61,.604,9.5,16.5,4.6,3.3,1.3,-0.2,1.2,100-54,-7,,,,,54-24,39-37,6-4,23-26,64-45,29-16,25-41,68-20
1915,AL,4,Washington Nationals,85,68,.556,17.0,39.0,3.7,3.2,0.5,-0.1,0.4,87-66,-2,,,,,50-29,35-39,9-6,25-23,67-51,18-17,29-36,56-32
1915,AL,5,New York Yankees,69,83,.454,32.5,101.0,3.8,3.8,0.0,0.0,0.0,76-76,-7,,,,,37-43,32-40,7-8,22-32,46-55,23-28,33-55,36-28
1915,AL,6,St. Louis Browns,63,91,.409,39.5,136.0,3.3,4.3,-1.0,0.1,-0.9,59-95,4,,,,,35-38,28-53,6-6,23-20,49-70,14-21,27-61,36-30
1915,AL,7,Cleveland Indians,57,95,.375,44.5,166.0,3.5,4.4,-0.9,0.1,-0.8,61-91,-4,,,,,27-50,30-45,3-10,21-30,42-74,15-21,21-65,36-30
1915,AL,8,Philadelphia Athletics,43,109,.283,58.5,264.0,3.5,5.8,-2.2,0.3,-2.0,44-108,-1,,,,,19-53,24-56,3-5,18-27,31-82,12-27,21-67,22-42
1920,NL,1,Brooklyn Robins,93,61,.604,--,,4.3,3.4,0.9,-0.1,0.7,93-61,0,,,,,49-29,44-32,10-7,27-28,73-46,20-15,37-29,56-32
1920,NL,2,New York Giants,86,68,.558,7.0,7.0,4.4,3.5,0.9,-0.1,0.8,93-61,-7,,,,,45-35,41-33,11-7,24-21,52-46,34-22,36-30,50-38
1920,NL,3,Cincinnati Reds,82,71,.536,10.5,14.0,4.1,3.7,0.5,-0.1,0.4,85-68,-3,,,,,42-34,40-37,8-11,23-23,55-52,27-19,30-36,52-35
1920,NL,4,Pittsburgh Pirates,79,75,.513,14.0,24.5,3.4,3.6,-0.1,0.0,-0.1,74-80,5,,,,,42-35,37-40,13-9,29-23,57-50,22-25,29-37,50-38
1920,NL,5,Chicago Cubs,75,79,.487,18.0,40.5,4.0,4.1,-0.1,0.0,-0.1,75-79,0,,,,,43-34,32-45,9-8,19-23,53-54,22-25,36-52,39-27
1920,NL,6,St. Louis Cardinals,75,79,.487,18.0,40.5,4.4,4.4,0.0,0.0,0.0,76-78,-1,,,,,38-38,37-41,12-14,23-25,56-57,19-22,38-50,37-29
1920,NL,7,Boston Braves,62,90,.408,30.0,112.5,3.4,4.4,-1.0,0.1,-0.8,59-93,3,,,,,36-37,26-53,10-11,26-26,41-59,21-31,34-53,28-37
1920,NL,8,Philadelphia Phillies,62,91,.405,30.5,116.0,3.7,4.7,-1.0,0.1,-0.9,60-93,2,,,,,32-45,30-46,8-14,22-24,42-65,20-26,35-53,27-38
1920,AL,1,Cleveland Indians,98,56,.636,--,,5.6,4.2,1.4,-0.2,1.2,97-57,1,,,,,51-27,47-29,5-6,23-23,67-35,31-21,21-23,77-33
1920,AL,2,Chicago White Sox,96,58,.623,2.0,2.0,5.2,4.3,0.8,-0.1,0.7,89-65,7,,,,,52-25,44-33,14-5,26-16,63-43,33-15,20-24,76-34
1920,AL,3,New York Yankees,95,59,.617,3.0,4.0,5.4,4.1,1.4,-0.2,1.2,97-57,-2,,,,,49-28,46-31,7-2,23-18,71-49,24-10,25-19,70-40
1920,AL,4,St. Louis Browns,76,77,.497,21.5,59.5,5.2,5.0,0.2,0.0,0.2,79-74,-3,,,,,40-38,36-39,3-10,20-18,50-54,26-23,25-41,51-36
1920,AL,5,Boston Red Sox,72,81,.471,25.5,75.5,4.2,4.5,-0.3,0.0,-0.3,72-81,0,,,,,41-35,31-46,10-8,24-29,56-65,16-16,27-39,45-42
1920,AL,6,Washington Nationals,68,84,.447,29.0,93.0,4.7,5.2,-0.5,0.1,-0.4,69-83,-1,,,,,37-38,31-46,5-8,21-27,48-61,20-23,23-43,45-41
1920,AL,7,Detroit Tigers,61,93,.396,37.0,141.0,4.2,5.4,-1.2,0.1,-1.0,60-94,1,,,,,32-46,29-47,6-9,22-22,48-72,13-21,17-49,44-44
1920,AL,8,Philadelphia Athletics,48,106,.312,50.0,232.0,3.6,5.3,-1.8,0.2,-1.6,50-104,-2,,,,,25-50,23-56,4-6,16-22,31-81,17-25,15-51,33-55
1925,NL,1,Pittsburgh Pirates,95,58,.621,--,,6.0,4.7,1.3,-0.2,1.1,93-60,2,,,,,52-25,43-33,6-6,27-20,76-49,19-9,39-26,56-32
1925,NL,2,New York Giants,86,66,.566,8.5,8.5,4.8,4.6,0.2,0.0,0.2,79-73,7,,,,,47-29,39-37,6-5,28-16,60-47,26-19,35-30,51-36
1925,NL,3,Cincinnati Reds,80,73,.523,15.0,21.5,4.5,4.2,0.3,0.0,0.3,81-72,-1,,,,,44-32,36-41,9-7,19-26,64-57,16-16,29-36,51-37
1925,NL,4,St. Louis Cardinals,77,76,.503,18.0,30.5,5.4,5.0,0.4,-0.1,0.4,82-71,-5,,,,,48-28,29-48,5-5,15-19,57-58,20-18,27-38,50-38
1925,NL,5,Boston Braves,70,83,.458,25.0,58.5,4.6,5.2,-0.6,0.1,-0.5,68-85,2,,,,,37-39,33-44,7-9,20-24,44-57,26-26,39-49,31-34
1925,NL,6,Brooklyn Robins,68,85,.444,27.0,68.5,5.1,5.7,-0.5,0.1,-0.5,70-83,-2,,,,,40-37,28-48,5-5,20-20,39-44,29-41,38-50,30-35
1925,NL,7,Philadelphia Phillies,68,85,.444,27.0,68.5,5.3,6.1,-0.8,0.1,-0.7,67-86,1,,,,,38-39,30-46,5-8,16-19,55-58,13-27,29-58,39-27
1925,NL,8,Chicago Cubs,68,86,.442,27.5,72.0,4.7,5.0,-0.3,0.0,-0.3,72-82,-4,,,,,37-40,31-46,7-5,18-19,45-67,23-19,37-51,31-35
1925,AL,1,Washington Nationals,96,55,.636,--,,5.5,4.4,1.0,-0.1,0.9,90-61,6,,,,,53-22,43-33,8-4,27-11,67-40,29-15,49-37,47-18
1925,AL,2,Philadelphia Athletics,88,64,.579,8.5,8.5,5.4,4.7,0.8,-0.1,0.7,87-65,1,,,,,51-26,37-38,8-5,22-23,68-46,20-18,47-39,41-25
1925,AL,3,St. Louis Browns,82,71,.536,15.0,21.5,5.8,5.9,0.0,0.0,0.0,76-77,6,,,,,45-32,37-39,8-5,26-16,48-45,34-26,44-44,38-27
1925,AL,4,Detroit Tigers,81,73,.526,16.5,26.0,5.8,5.3,0.5,-0.1,0.4,83-71,-2,,,,,43-34,38-39,5-10,20-19,54-52,27-21,39-49,42-24
1925,AL,5,Chicago White Sox,79,75,.513,18.5,34.0,5.3,5.0,0.3,0.0,0.2,81-73,-2,,,,,44-33,35-42,6-9,18-20,52-47,27-28,39-49,40-26
1925,AL,6,Cleveland Indians,70,84,.455,27.5,79.0,5.0,5.3,-0.2,0.0,-0.2,74-80,-4,,,,,37-39,33-45,8-7,24-28,49-56,21-28,45-65,25-19
1925,AL,7,New York Yankees,69,85,.448,28.5,85.0,4.5,5.0,-0.4,0.1,-0.4,71-83,-2,,,,,42-36,27-49,9-8,21-32,36-53,33-32,44-66,25-19
1925,AL,8,Boston Red Sox,47,105,.309,49.5,232.0,4.2,6.1,-1.9,0.2,-1.6,51-101,-4,,,,,28-47,19-58,4-8,15-24,27-72,20-33,31-77,16-28
1930,NL,1,St. Louis Cardinals,92,62,.597,--,,6.5,5.1,1.4,-0.2,1.3,94-60,-2,,,,,53-24,39-38,4-7,23-31,64-41,28-21,43-45,49-17
1930,NL,2,Chicago Cubs,90,64,.584,2.0,2.0,6.4,5.6,0.8,-0.1,0.7,87-67,3,,,,,51-26,39-38,10-2,27-20,71-48,19-16,46-42,44-22
1930,NL,3,New York Giants,87,67,.565,5.0,8.0,6.2,5.3,0.9,-0.1,0.8,88-66,-1,,,,,46-31,41-36,7-6,20-23,65-50,22-17,45-43,42-24
1930,NL,4,Brooklyn Robins,86,68,.558,6.0,11.0,5.7,4.8,0.9,-0.1,0.8,89-65,-3,,,,,49-28,37-40,6-8,18-23,48-43,38-25,45-43,41-25
1930,NL,5,Pittsburgh Pirates,80,74,.519,12.0,35.0,5.8,6.0,-0.2,0.0,-0.2,74-80,6,,,,,42-35,38-39,6-6,24-15,52-43,28-31,41-47,39-27
1930,NL,6,Boston Braves,70,84,.455,22.0,85.0,4.5,5.4,-0.9,0.1,-0.8,64-90,6,,,,,39-38,31-46,9-4,34-22,44-58,26-26,43-67,27-17
1930,NL,7,Cincinnati Reds,59,95,.383,33.0,151.0,4.3,5.6,-1.2,0.2,-1.1,59-95,0,,,,,37-40,22-55,1-6,26-28,51-68,8-27,38-72,21-23
1930,NL,8,Philadelphia Phillies,52,102,.338,40.0,200.0,6.1,7.7,-1.6,0.2,-1.4,60-94,-8,,,,,35-42,17-60,3-7,18-28,28-74,24-28,34-76,18-26
1930,AL,1,Philadelphia Athletics,102,52,.662,--,,6.2,4.9,1.3,-0.2,1.1,93-61,9,,,,,58-18,44-34,6-1,25-14,86-44,16-8,37-29,65-23
1930,AL,2,Washington Nationals,94,60,.610,8.0,8.0,5.8,4.5,1.3,-0.2,1.2,95-59,-1,,,,,56-21,38-39,6-5,23-21,61-37,33-23,41-25,53-35
1930,AL,3,New York Yankees,86,68,.558,16.0,24.0,6.9,5.8,1.1,-0.1,0.9,89-65,-3,,,,,47-29,39-39,6-5,17-24,62-50,24-18,27-39,59-29
1930,AL,4,Cleveland Indians,81,73,.526,21.0,39.0,5.8,5.9,-0.2,0.0,-0.1,75-79,6,,,,,44-33,37-40,4-7,21-18,63-50,18-23,27-39,54-34
1930,AL,5,Detroit Tigers,75,79,.487,27.0,63.0,5.1,5.4,-0.3,0.0,-0.3,73-81,2,,,,,45-33,30-46,7-4,26-20,62-60,13-19,37-51,38-28
1930,AL,6,St. Louis Browns,64,90,.416,38.0,118.0,4.9,5.8,-0.9,0.1,-0.8,65-89,-1,,,,,38-40,26-50,8-11,24-23,51-72,13-18,30-58,34-32
1930,AL,7,Chicago White Sox,62,92,.403,40.0,130.0,4.7,5.7,-1.0,0.1,-0.9,64-90,-2,,,,,34-44,28-48,10-5,23-20,49-70,13-22,32-56,30-36
1930,AL,8,Boston Red Sox,52,102,.338,50.0,200.0,4.0,5.3,-1.3,0.2,-1.1,57-97,-5,,,,,30-46,22-56,4-13,17-36,42-76,10-26,22-66,30-36
1935,NL,1,Chicago Cubs,100,54,.649,--,,5.5,3.9,1.6,-0.2,1.4,101-53,-1,,,,,56-21,44-33,11-10,25-23,83-47,17-7,37-29,63-25
1935,NL,2,St. Louis Cardinals,96,58,.623,4.0,4.0,5.4,4.1,1.3,-0.2,1.2,96-58,0,,,,,53-24,43-34,12-6,23-22,75-49,21-9,33-33,63-25
1935,NL,3,New York Giants,91,62,.595,8.5,13.0,4.9,4.3,0.6,-0.1,0.5,86-67,5,,,,,50-27,41-35,13-6,23-11,75-46,16-16,36-30,55-32
1935,NL,4,Pittsburgh Pirates,86,67,.562,13.5,28.0,4.9,4.2,0.6,-0.1,0.6,86-67,0,,,,,46-31,40-36,3-6,23-17,45-40,41-27,26-40,60-27
1935,NL,5,Brooklyn Dodgers,70,83,.458,29.5,92.0,4.6,5.0,-0.4,0.0,-0.3,71-82,-1,,,,,38-38,32-45,5-8,15-21,59-67,11-16,31-57,39-26
1935,NL,6,Cincinnati Reds,68,85,.444,31.5,102.0,4.2,5.0,-0.8,0.1,-0.7,64-89,4,,,,,41-35,27-50,5-8,21-15,56-65,12-20,32-55,36-30
1935,NL,7,Philadelphia Phillies,64,89,.418,35.5,126.0,4.4,5.6,-1.2,0.2,-1.0,60-93,4,,,,,35-43,29-46,6-5,23-20,48-59,16-30,32-56,32-33
1935,NL,8,Boston Braves,38,115,.248,61.5,308.0,3.8,5.6,-1.8,0.2,-1.6,50-103,-12,,,,,25-50,13-65,1-7,7-31,32-93,6-22,14-73,24-42
1935,NNL2 ,1,Pittsburgh Crawfords,51,27,.654,--,,7.1,5.1,2.0,,,,,,,,,,,,,,,,
1935,NNL2 ,2,New York Cubans,31,25,.554,9.0,9.0,4.9,4.8,0.1,,,,,,,,,,,,,,,,
1935,NNL2 ,3,Philadelphia Stars,37,31,.544,9.0,9.0,5.6,6.1,-0.5,,,,,,,,,,,,,,,,
1935,NNL2 ,4,Columbus Elite Giants,29,24,.547,9.5,10.5,6.2,4.9,1.3,,,,,,,,,,,,,,,,
1935,NNL2 ,5,Brooklyn Eagles,32,31,.508,11.5,18.5,5.9,5.9,0.1,,,,,,,,,,,,,,,,
1940,NNL2,1,Homestead Grays,36,20,.643,--,,5.9,4.8,1.1,,,,,,,,,,,,,,,,
1940,NNL2,2,Baltimore Elite Giants,32,23,.582,3.5,3.5,6.4,5.5,1.0,,,,,,,,,,,,,,,,
1940,NNL2,3,Newark Eagles,28,22,.560,5.0,6.5,6.8,5.7,1.1,,,,,,,,,,,,,,,,
1940,NNL2,4,Philadelphia Stars,24,37,.393,14.5,39.0,5.1,5.8,-0.7,,,,,,,,,,,,,,,,
1940,NNL2,5,New York Black Yankees,19,24,.442,10.5,23.0,4.5,6.6,-2.1,,,,,,,,,,,,,,,,
1940,NNL2,6,New York Cubans,13,26,.333,14.5,39.0,4.9,5.7,-0.8,,,,,,,,,,,,,,,,
1940,NNL,1,Kansas City Monarchs,36,11,.766,--,,6.0,3.7,2.3,,,,,,,,,,,,,,,,
1940,NNL,2,Memphis Red Sox,36,26,.581,7.5,7.5,4.1,4.6,-0.5,,,,,,,,,,,,,,,,
1940,NNL,3,Cleveland Bears,21,18,.538,11.0,14.5,5.2,5.1,0.0,,,,,,,,,,,,,,,,
1940,NNL,4,St. Louis-New Orleans Stars,25,29,.463,14.5,25.0,4.9,5.4,-0.6,,,,,,,,,,,,,,,,
1940,NNL,5,Chicago American Giants,22,31,.415,17.0,35.0,3.4,5.2,-1.7,,,,,,,,,,,,,,,,
1940,NNL,6,Birmingham Black Barons,17,30,.362,19.0,45.5,4.2,5.0,-0.8,,,,,,,,,,,,,,,,
1940,NNL,7,Toledo/Indianapolis Crawfords,6,18,.250,18.5,42.5,3.5,4.0,-0.5,,,,,,,,,,,,,,,,
1945,NNL2,1,Homestead Grays,41,21,.661,--,,5.4,3.8,1.6,,,,,,,,,,,,,,,,
1945,NNL2,2,Newark Eagles,27,22,.551,7.5,7.5,4.6,5.1,-0.5,,,,,,,,,,,,,,,,
1945,NNL2,3,Baltimore Elite Giants,36,32,.529,8.0,8.5,5.6,5.6,0.0,,,,,,,,,,,,,,,,
1945,NNL2,4,Philadelphia Stars,25,25,.500,10.0,14.5,5.7,4.7,1.0,,,,,,,,,,,,,,,,
1945,NNL2,5,New York Cubans,15,27,.357,16.0,38.5,3.4,4.3,-0.9,,,,,,,,,,,,,,,,
1945,NNL2,6,New York Black Yankees,11,28,.282,18.5,51.0,4.3,6.0,-1.8,,,,,,,,,,,,,,,,
1945,NNL,1,Cleveland Buckeyes,63,17,.787,--,,4.9,2.9,2.0,,,,,,,,,,,,,,,,
1945,NNL,2,Kansas City Monarchs,52,41,.559,17.5,19.0,5.2,4.5,0.7,,,,,,,,,,,,,,,,
1945,NNL,3,Birmingham Black Barons,47,33,.588,16.0,16.0,4.4,4.9,-0.4,,,,,,,,,,,,,,,,
1945,NNL,4,Chicago American Giants,46,54,.460,27.0,47.5,5.4,5.5,-0.1,,,,,,,,,,,,,,,,
1945,NNL,5,Cincinnati-Indianapolis Clowns,39,56,.411,31.5,65.5,3.7,6.3,-2.6,,,,,,,,,,,,,,,,
1945,NNL,6,Memphis Red Sox,20,66,.233,46.0,138.0,4.4,6.4,-2.0,,,,,,,,,,,,,,,,
1935,AL,1,Detroit Tigers,93,58,.616,--,,6.0,4.4,1.7,-0.2,1.5,97-54,-4,,,,,53-25,40-33,8-6,19-27,69-41,24-17,39-27,54-31
1935,AL,2,New York Yankees,89,60,.597,3.0,3.0,5.5,4.2,1.2,-0.1,1.1,92-57,-3,,,,,41-33,48-27,5-7,15-29,62-50,27-10,37-28,52-32
1935,AL,3,Cleveland Indians,82,71,.536,12.0,21.0,5.0,4.7,0.2,0.0,0.2,80-73,2,,,,,48-29,34-42,6-8,22-16,54-57,28-14,28-38,54-33
1935,AL,4,Boston Red Sox,78,75,.510,16.0,33.0,4.7,4.8,-0.1,0.0,-0.1,75-78,3,,,,,41-37,37-38,7-6,28-17,66-65,12-10,27-38,51-37
1935,AL,5,Chicago White Sox,74,78,.487,19.5,47.0,4.8,4.9,-0.1,0.0,-0.1,75-77,-1,,,,,42-34,32-44,8-5,24-19,61-69,13-9,39-47,35-31
1935,AL,6,Washington Nationals,67,86,.438,27.0,84.5,5.3,5.9,-0.5,0.1,-0.5,70-83,-3,,,,,37-39,30-47,11-8,20-28,39-62,28-24,34-54,33-32
1935,AL,7,St. Louis Browns,65,87,.428,28.5,93.5,4.6,6.0,-1.4,0.2,-1.2,58-94,7,,,,,31-44,34-43,6-5,21-16,47-68,18-19,33-54,32-33
1935,AL,8,Philadelphia Athletics,58,91,.389,34.0,132.0,4.8,5.8,-1.1,0.1,-1.0,61-88,-3,,,,,30-42,28-49,6-12,19-16,49-78,9-13,27-56,31-35
1940,NL,1,Cincinnati Reds,100,53,.654,--,,4.6,3.4,1.2,-0.1,1.0,96-57,4,,,,,55-21,45-32,8-8,41-17,90-47,10-6,42-24,58-29
1940,NL,2,Brooklyn Dodgers,88,65,.575,12.0,12.0,4.5,4.0,0.5,-0.1,0.4,85-68,3,,,,,41-37,47-28,9-10,21-23,68-51,20-14,32-34,56-31
1940,NL,3,St. Louis Cardinals,84,69,.549,16.0,20.0,4.8,4.5,0.3,0.0,0.3,81-72,3,,,,,41-36,43-33,6-5,25-17,61-47,23-22,30-36,54-33
1940,NL,4,Pittsburgh Pirates,78,76,.506,22.5,39.5,5.2,5.0,0.2,0.0,0.1,79-75,-1,,,,,40-34,38-42,5-7,22-23,61-62,17-14,28-38,50-38
1940,NL,5,Chicago Cubs,75,79,.487,25.5,51.5,4.4,4.1,0.3,0.0,0.3,82-72,-7,,,,,40-37,35-42,13-9,24-31,63-67,12-12,37-51,38-28
1940,NL,6,New York Giants,72,80,.474,27.5,61.5,4.4,4.3,0.0,0.0,0.0,76-76,-4,,,,,33-43,39-37,7-6,19-22,58-66,14-14,35-51,37-29
1940,NL,7,Boston Bees,65,87,.428,34.5,103.5,4.1,4.9,-0.8,0.1,-0.7,64-88,1,,,,,35-40,30-47,8-5,17-21,52-69,13-18,35-52,30-35
1940,NL,8,Philadelphia Phillies,50,103,.327,50.0,212.0,3.2,4.9,-1.7,0.2,-1.5,49-104,1,,,,,24-55,26-48,4-10,12-27,41-91,9-12,24-64,26-39
1940,AL,1,Detroit Tigers,90,64,.584,--,,5.7,4.6,1.1,-0.1,1.0,92-62,-2,,,,,50-29,40-35,5-8,23-19,74-52,16-12,45-43,45-21
1940,AL,2,Cleveland Indians,89,65,.578,1.0,1.0,4.6,4.1,0.5,-0.1,0.4,85-69,4,,,,,51-30,38-35,7-2,25-20,51-45,38-20,51-37,38-28
1940,AL,3,New York Yankees,88,66,.571,2.0,3.0,5.3,4.3,0.9,-0.1,0.8,91-63,-3,,,,,52-24,36-42,6-8,22-23,48-40,40-26,44-44,44-22
1940,AL,4,Boston Red Sox,82,72,.532,8.0,21.0,5.7,5.4,0.3,0.0,0.3,81-73,1,,,,,45-34,37-38,13-7,26-19,68-58,14-14,39-49,43-23
1940,AL,5,Chicago White Sox,82,72,.532,8.0,21.0,4.7,4.3,0.4,0.0,0.4,83-71,-1,,,,,41-36,41-36,5-10,31-32,70-53,12-19,41-47,41-25
1940,AL,6,St. Louis Browns,67,87,.435,23.0,96.0,4.9,5.7,-0.8,0.1,-0.7,66-88,1,,,,,37-39,30-48,6-5,22-21,51-63,16-24,42-68,25-19
1940,AL,7,Washington Nationals,64,90,.416,26.0,114.0,4.3,5.3,-0.9,0.1,-0.8,63-91,1,,,,,36-41,28-49,8-7,28-29,50-62,14-28,39-71,25-19
1940,AL,8,Philadelphia Athletics,54,100,.351,36.0,184.0,4.6,6.1,-1.5,0.2,-1.3,58-96,-4,,,,,29-42,25-58,6-9,15-29,43-74,11-26,38-72,16-28
1945,NL,1,Chicago Cubs,98,56,.636,--,,4.7,3.4,1.3,-0.2,1.1,99-55,-1,,,,,49-26,49-30,4-2,24-21,77-41,21-15,45-43,53-13
1945,NL,2,St. Louis Cardinals,95,59,.617,3.0,3.0,4.9,3.8,1.1,-0.1,1.0,95-59,0,,,,,48-29,47-30,5-11,23-22,71-41,24-18,57-31,38-28
1945,NL,3,Brooklyn Dodgers,87,67,.565,11.0,19.0,5.1,4.7,0.5,-0.1,0.4,84-70,3,,,,,48-30,39-37,7-6,22-22,66-53,21-14,44-44,43-23
1945,NL,4,Pittsburgh Pirates,82,72,.532,16.0,34.0,4.9,4.4,0.4,-0.1,0.4,84-70,-2,,,,,45-34,37-38,11-4,24-20,65-59,17-13,39-49,43-23
1945,NL,5,New York Giants,78,74,.513,19.0,46.0,4.3,4.6,-0.2,0.0,-0.2,73-79,5,,,,,47-30,31-44,5-7,28-23,65-53,13-21,35-53,43-21
1945,NL,6,Boston Braves,67,85,.441,30.0,101.0,4.7,4.7,0.0,0.0,0.0,75-77,-8,,,,,36-38,31-47,8-13,20-33,54-62,13-23,43-65,24-20
1945,NL,7,Cincinnati Reds,61,93,.396,37.0,143.0,3.5,4.5,-1.0,0.1,-0.9,59-95,2,,,,,36-41,25-52,10-5,28-23,55-88,6-5,37-73,24-20
1945,NL,8,Philadelphia Phillies,46,108,.299,52.0,248.0,3.6,5.6,-2.1,0.3,-1.8,47-107,-1,,,,,22-55,24-53,3-5,20-25,40-98,6-10,28-82,18-26
1945,AL,1,Detroit Tigers,88,65,.575,--,,4.1,3.6,0.4,-0.1,0.4,84-69,4,,,,,50-26,38-39,5-4,30-23,79-59,9-6,51-36,37-29
1945,AL,2,Washington Nationals,87,67,.565,1.5,1.5,4.0,3.6,0.4,-0.1,0.3,84-70,3,,,,,46-31,41-36,6-8,28-20,70-50,17-17,45-43,42-24
1945,AL,3,St. Louis Browns,81,70,.536,6.0,10.5,3.9,3.6,0.3,0.0,0.3,81-70,0,,,,,47-27,34-43,9-11,29-26,63-57,18-13,42-44,39-26
1945,AL,4,New York Yankees,81,71,.533,6.5,12.0,4.4,4.0,0.5,-0.1,0.4,84-68,-3,,,,,48-28,33-43,8-11,23-22,64-53,17-18,37-50,44-21
1945,AL,5,Cleveland Indians,73,72,.503,11.0,30.0,3.8,3.7,0.1,0.0,0.1,74-71,-1,,,,,44-33,29-39,5-7,23-27,62-50,11-22,42-44,31-28
1945,AL,6,Chicago White Sox,71,78,.477,15.0,50.0,4.0,4.2,-0.2,0.0,-0.2,70-79,1,,,,,44-29,27-49,9-4,23-25,60-66,11-12,46-59,25-19
1945,AL,7,Boston Red Sox,71,83,.461,17.5,65.0,3.8,4.3,-0.5,0.1,-0.4,69-85,2,,,,,42-35,29-48,7-3,23-20,59-69,12-14,48-62,23-21
1945,AL,8,Philadelphia Athletics,52,98,.347,34.5,184.0,3.2,4.2,-0.9,0.1,-0.8,58-92,-6,,,,,39-35,13-63,10-11,22-38,40-81,12-17,34-72,18-26
1950,NL,1,Philadelphia Phillies,91,63,.591,--,,4.6,4.0,0.6,-0.1,0.5,87-67,4,,,,,48-29,43-34,7-4,30-16,71-46,20-17,46-42,45-21
1950,NL,2,Brooklyn Dodgers,89,65,.578,2.0,2.0,5.5,4.7,0.8,-0.1,0.7,88-66,1,,,,,48-30,41-35,5-8,23-21,54-45,35-20,48-40,41-25
1950,NL,3,New York Giants,86,68,.558,5.0,8.0,4.8,4.2,0.6,-0.1,0.5,86-68,0,,,,,44-32,42-36,6-8,26-17,49-37,37-31,42-46,44-22
1950,NL,4,Boston Braves,83,71,.539,8.0,17.0,5.0,4.7,0.3,0.0,0.3,82-72,1,,,,,46-31,37-40,4-7,18-21,53-43,30-28,42-46,41-25
1950,NL,5,St. Louis Cardinals,78,75,.510,12.5,35.0,4.5,4.4,0.2,0.0,0.1,79-74,-1,,,,,48-28,30-47,7-3,23-29,42-48,36-27,42-46,36-29
1950,NL,6,Cincinnati Reds,66,87,.431,24.5,95.0,4.3,4.8,-0.5,0.1,-0.5,68-85,-2,,,,,38-38,28-49,5-5,16-30,34-41,32-46,37-73,29-14
1950,NL,7,Chicago Cubs,64,89,.418,26.5,107.0,4.2,5.0,-0.8,0.1,-0.7,64-89,0,,,,,35-42,29-47,11-5,21-22,39-59,25-30,49-61,15-28
1950,NL,8,Pittsburgh Pirates,57,96,.373,33.5,156.0,4.4,5.6,-1.1,0.1,-1.0,61-92,-4,,,,,33-44,24-52,4-9,21-22,47-84,10-12,36-73,21-23
1950,AL,1,New York Yankees,98,56,.636,--,,5.9,4.5,1.4,-0.2,1.3,96-58,2,,,,,53-24,45-32,5-3,22-19,56-31,42-25,38-28,60-28
1950,AL,2,Detroit Tigers,95,59,.617,3.0,3.0,5.3,4.5,0.8,-0.1,0.7,88-66,7,,,,,50-30,45-29,8-4,20-20,58-36,37-23,32-34,63-25
1950,AL,3,Boston Red Sox,94,60,.610,4.0,5.0,6.7,5.2,1.4,-0.2,1.3,94-60,0,,,,,55-22,39-38,4-5,21-11,63-38,31-22,29-37,65-23
1950,AL,4,Cleveland Indians,92,62,.597,6.0,11.0,5.2,4.2,1.0,-0.1,0.9,92-62,0,,,,,49-28,43-34,9-5,29-20,47-29,45-33,33-33,59-29
1950,AL,5,Washington Nationals,67,87,.435,31.0,111.0,4.5,5.2,-0.8,0.1,-0.7,66-88,1,,,,,35-42,32-45,4-7,23-24,39-61,28-26,34-54,33-33
1950,AL,6,Chicago White Sox,60,94,.390,38.0,146.0,4.0,4.8,-0.8,0.1,-0.7,64-90,-4,,,,,35-42,25-52,5-9,20-32,40-69,20-25,29-59,31-35
1950,AL,7,St. Louis Browns,58,96,.377,40.0,158.0,4.4,5.9,-1.5,0.2,-1.3,57-97,1,,,,,27-47,31-49,8-6,22-22,35-65,23-31,22-66,36-30
1950,AL,8,Philadelphia Athletics,52,102,.338,46.0,200.0,4.4,5.9,-1.6,0.2,-1.4,56-98,-4,,,,,29-48,23-54,4-8,21-30,32-66,20-36,20-68,32-34
1955,NL,1,Brooklyn Dodgers,98,55,.641,--,,5.6,4.2,1.3,-0.2,1.2,95-58,3,,,,,56-21,42-34,7-9,21-19,94-48,4-7,44-22,54-33
1955,NL,2,Milwaukee Braves,85,69,.552,13.5,13.5,4.8,4.3,0.5,-0.1,0.4,84-70,1,,,,,46-31,39-38,7-7,25-23,71-60,14-9,35-31,50-38
1955,NL,3,New York Giants,80,74,.519,18.5,23.5,4.6,4.4,0.2,0.0,0.2,80-74,0,,,,,44-35,36-39,9-9,24-19,51-47,29-27,27-39,53-35
1955,NL,4,Philadelphia Phillies,77,77,.500,21.5,32.5,4.4,4.3,0.1,0.0,0.1,78-76,-1,,,,,46-31,31-46,7-6,18-26,45-62,32-15,26-40,51-37
1955,NL,5,Cincinnati Redlegs,75,79,.487,23.5,40.5,4.9,4.4,0.5,-0.1,0.4,84-70,-9,,,,,46-31,29-48,3-6,19-23,41-52,34-27,39-49,36-30
1955,NL,6,Chicago Cubs,72,81,.471,26.0,53.0,4.1,4.6,-0.6,0.1,-0.5,67-86,5,,,,,43-33,29-48,8-10,28-30,57-72,15-9,36-51,36-30
1955,NL,7,St. Louis Cardinals,68,86,.442,30.5,80.0,4.2,4.9,-0.7,0.1,-0.6,67-87,1,,,,,41-36,27-50,13-8,25-20,40-36,28-50,37-51,31-35
1955,NL,8,Pittsburgh Pirates,60,94,.390,38.5,136.0,3.6,5.0,-1.3,0.2,-1.2,55-99,5,,,,,36-39,24-55,7-6,21-21,31-52,29-42,31-57,29-37
1955,AL,1,New York Yankees,96,58,.623,--,,4.9,3.7,1.3,-0.2,1.1,97-57,-1,,,,,52-25,44-33,7-6,26-21,66-40,30-18,46-42,50-16
1955,AL,2,Cleveland Indians,93,61,.604,3.0,3.0,4.5,3.9,0.6,-0.1,0.6,87-67,6,,,,,49-28,44-33,8-4,22-15,53-22,40-39,48-40,45-21
1955,AL,3,Chicago White Sox,91,63,.591,5.0,7.0,4.7,3.6,1.1,-0.1,0.9,95-59,-4,,,,,49-28,42-35,5-4,25-27,60-45,31-18,48-40,43-23
1955,AL,4,Boston Red Sox,84,70,.545,12.0,28.0,4.9,4.2,0.7,-0.1,0.6,87-67,-3,,,,,47-31,37-39,5-7,22-23,63-55,21-15,41-47,43-23
1955,AL,5,Detroit Tigers,79,75,.513,17.0,48.0,5.0,4.3,0.8,-0.1,0.7,88-66,-9,,,,,46-31,33-44,7-9,15-28,59-58,20-17,37-51,42-24
1955,AL,6,Kansas City Athletics,63,91,.409,33.0,128.0,4.1,5.9,-1.8,0.2,-1.5,53-101,10,,,,,33-43,30-48,8-6,30-15,50-64,13-27,38-72,25-19
1955,AL,7,Baltimore Orioles,57,97,.370,39.0,164.0,3.5,4.8,-1.4,0.2,-1.2,54-100,3,,,,,30-47,27-50,7-6,22-25,34-57,23-40,33-77,24-20
1955,AL,8,Washington Nationals,53,101,.344,43.0,192.0,3.9,5.1,-1.2,0.2,-1.1,58-96,-5,,,,,28-49,25-52,2-7,16-24,38-70,15-31,36-74,17-27
1960,NL,1,Pittsburgh Pirates,95,59,.617,--,,4.7,3.8,0.9,-0.1,0.8,92-62,3,,,,,52-25,43-34,12-5,26-22,64-42,31-17,49-39,46-20
1960,NL,2,Milwaukee Braves,88,66,.571,7.0,7.0,4.7,4.3,0.4,-0.1,0.4,84-70,4,,,,,51-26,37-40,9-13,25-19,62-46,26-20,44-44,44-22
1960,NL,3,St. Louis Cardinals,86,68,.558,9.0,11.0,4.1,4.0,0.1,0.0,0.1,80-74,6,,,,,51-26,35-42,7-5,32-21,49-48,37-20,43-45,43-23
1960,NL,4,Los Angeles Dodgers,82,72,.532,13.0,23.0,4.3,3.9,0.4,-0.1,0.4,85-69,-3,,,,,42-35,40-37,10-11,20-27,70-56,12-16,43-45,39-27
1960,NL,5,San Francisco Giants,79,75,.513,16.0,35.0,4.3,4.0,0.3,0.0,0.2,81-73,-2,,,,,45-32,34-43,4-9,23-25,48-46,31-29,41-47,38-28
1960,NL,6,Cincinnati Reds,67,87,.435,28.0,95.0,4.2,4.5,-0.3,0.0,-0.3,72-82,-5,,,,,37-40,30-47,8-9,23-24,43-61,24-26,46-64,21-23
1960,NL,7,Chicago Cubs,60,94,.390,35.0,137.0,4.1,5.0,-0.9,0.1,-0.8,63-91,-3,,,,,33-44,27-50,7-8,22-28,44-60,16-34,40-70,20-24
1960,NL,8,Philadelphia Phillies,59,95,.383,36.0,144.0,3.5,4.5,-0.9,0.1,-0.8,61-93,-2,,,,,31-46,28-49,12-9,23-28,38-62,21-33,34-76,25-19
1960,AL,1,New York Yankees,97,57,.630,--,,4.8,4.0,0.8,-0.1,0.7,89-65,8,,,,,55-22,42-35,10-7,30-18,68-37,29-20,25-19,72-38
1960,AL,2,Baltimore Orioles,89,65,.578,8.0,8.0,4.4,3.9,0.5,-0.1,0.4,85-69,4,,,,,44-33,45-32,7-7,35-19,54-38,35-27,22-22,67-43
1960,AL,3,Chicago White Sox,87,67,.565,10.0,12.0,4.8,4.0,0.8,-0.1,0.7,90-64,-3,,,,,51-26,36-41,10-5,22-23,69-55,18-12,19-25,68-42
1960,AL,4,Cleveland Indians,76,78,.494,21.0,45.0,4.3,4.5,-0.2,0.0,-0.1,74-80,2,,,,,39-38,37-40,11-9,27-20,58-59,18-19,25-41,51-37
1960,AL,5,Washington Senators,73,81,.474,24.0,57.0,4.4,4.5,-0.2,0.0,-0.1,75-79,-2,,,,,32-45,41-36,10-11,24-28,58-69,15-12,29-37,44-44
1960,AL,6,Detroit Tigers,71,83,.461,26.0,67.0,4.1,4.2,-0.1,0.0,-0.1,76-78,-5,,,,,40-37,31-46,8-14,19-31,59-65,12-18,28-38,43-45
1960,AL,7,Boston Red Sox,65,89,.422,32.0,103.0,4.3,5.0,-0.8,0.1,-0.7,66-88,-1,,,,,36-41,29-48,5-7,25-31,52-66,13-23,18-48,47-41
1960,AL,8,Kansas City Athletics,58,96,.377,39.0,152.0,4.0,4.9,-0.9,0.1,-0.8,63-91,-5,,,,,34-43,24-53,7-8,17-29,40-72,18-24,23-43,35-53
1965,NL,1,Los Angeles Dodgers,97,65,.599,--,,3.8,3.2,0.5,-0.1,0.5,92-70,5,,,,,50-31,47-34,9-10,32-28,61-40,36-25,50-40,47-25
1965,NL,2,San Francisco Giants,95,67,.586,2.0,2.0,4.2,3.6,0.5,-0.1,0.5,91-71,4,,,,,51-30,44-37,11-5,26-21,71-48,24-19,45-45,50-22
1965,NL,3,Pittsburgh Pirates,90,72,.556,7.0,12.0,4.1,3.6,0.6,-0.1,0.5,92-70,-2,,,,,49-32,41-40,14-6,28-27,63-51,27-21,49-41,41-31
1965,NL,4,Cincinnati Reds,89,73,.549,8.0,15.0,5.1,4.3,0.7,-0.1,0.7,93-69,-4,,,,,49-32,40-41,6-10,25-26,47-50,42-23,45-45,44-28
1965,NL,5,Milwaukee Braves,86,76,.531,11.0,27.0,4.4,3.9,0.5,0.0,0.4,89-73,-3,,,,,44-37,42-39,6-7,21-22,65-62,21-14,39-51,47-25
1965,NL,6,Philadelphia Phillies,85,76,.528,11.5,29.5,4.0,4.1,-0.1,0.0,-0.1,79-82,6,,,,,45-35,40-41,11-9,28-26,52-50,33-26,42-48,43-28
1965,NL,7,St. Louis Cardinals,80,81,.497,16.5,59.5,4.4,4.2,0.2,0.0,0.2,84-77,-4,,,,,42-39,38-42,9-8,27-21,49-49,31-32,50-57,30-24
1965,NL,8,Chicago Cubs,72,90,.444,25.0,119.0,3.9,4.4,-0.5,0.0,-0.5,71-91,1,,,,,40-41,32-49,6-10,20-23,46-64,26-26,43-65,29-25
1965,NL,9,Houston Astros,65,97,.401,32.0,175.0,3.5,4.4,-0.9,0.1,-0.8,65-97,0,,,,,36-45,29-52,7-16,24-25,39-60,26-37,32-76,33-21
1965,NL,10,New York Mets,50,112,.309,47.0,310.0,3.0,4.6,-1.6,0.2,-1.4,51-111,-1,,,,,29-52,21-60,8-6,20-32,35-85,15-27,34-74,16-38
1965,AL,1,Minnesota Twins,102,60,.630,--,,4.8,3.7,1.1,-0.1,1.0,100-62,2,,,,,51-30,51-30,11-7,30-22,68-41,34-19,38-34,64-26
1965,AL,2,Chicago White Sox,95,67,.586,7.0,7.0,4.0,3.4,0.6,-0.1,0.5,92-70,3,,,,,48-33,47-34,15-9,33-22,64-35,31-32,35-37,60-30
1965,AL,3,Baltimore Orioles,94,68,.580,8.0,9.0,4.0,3.6,0.4,0.0,0.3,89-73,5,,,,,46-33,48-35,12-9,32-24,62-43,32-25,38-34,56-34
1965,AL,4,Detroit Tigers,89,73,.549,13.0,24.0,4.2,3.7,0.5,0.0,0.4,90-72,-1,,,,,47-34,42-39,10-11,34-33,57-45,32-28,33-39,56-34
1965,AL,5,Cleveland Indians,87,75,.537,15.0,32.0,4.1,3.8,0.3,0.0,0.3,87-75,0,,,,,52-30,35-45,11-11,21-23,56-43,31-32,36-36,51-39
1965,AL,6,New York Yankees,77,85,.475,25.0,82.0,3.8,3.7,0.0,0.0,0.0,82-80,-5,,,,,40-43,37-42,6-10,24-29,44-52,33-33,34-56,43-29
1965,AL,7,California Angels,75,87,.463,27.0,94.0,3.3,3.5,-0.3,0.0,-0.2,75-87,0,,,,,46-34,29-53,8-7,26-32,52-52,23-35,37-53,38-34
1965,AL,8,Washington Senators,70,92,.432,32.0,129.0,3.6,4.5,-0.8,0.1,-0.7,66-96,4,,,,,36-45,34-47,7-9,25-25,48-60,22-32,32-58,38-34
1965,AL,9,Boston Red Sox,62,100,.383,40.0,193.0,4.1,4.9,-0.8,0.1,-0.7,69-93,-7,,,,,34-47,28-53,8-8,14-28,44-69,18-31,26-64,36-36
1965,AL,10,Kansas City Athletics,59,103,.364,43.0,220.0,3.6,4.7,-1.0,0.1,-0.9,62-100,-3,,,,,33-48,26-55,3-10,22-23,38-63,21-40,34-56,25-47
1970,NL West,1,Cincinnati Reds,102,60,.630,--,,4.8,4.2,0.6,-0.1,0.5,91-71,11,44-28,,58-32,,57-24,45-36,7-3,27-15,65-51,37-9,43-29,59-31
1970,NL West,2,Los Angeles Dodgers,87,74,.540,14.5,14.5,4.7,4.2,0.4,0.0,0.4,87-74,0,40-31,,47-43,,39-42,48-32,10-6,23-24,59-47,28-27,33-39,54-35
1970,NL West,3,San Francisco Giants,86,76,.531,16.0,17.5,5.1,5.1,0.0,0.0,0.0,81-81,5,36-36,,50-40,,48-33,38-43,8-10,27-17,65-58,21-18,37-35,49-41
1970,NL West,4,Houston Astros,79,83,.488,23.0,38.5,4.6,4.7,-0.1,0.0,-0.1,79-83,0,35-37,,44-46,,44-37,35-46,11-7,23-25,54-58,25-25,38-52,41-31
1970,NL West,5,Atlanta Braves,76,86,.469,26.0,50.5,4.5,4.8,-0.2,0.0,-0.2,77-85,-1,40-32,,36-54,,42-39,34-47,4-6,20-24,58-67,18-19,38-52,38-34
1970,NL West,6,San Diego Padres,63,99,.389,39.0,115.5,4.2,4.9,-0.7,0.1,-0.6,70-92,-7,28-44,,35-55,,31-50,32-49,7-6,22-37,46-79,17-20,37-53,26-46
1970,NL East,1,Pittsburgh Pirates,89,73,.549,--,,4.5,4.1,0.4,0.0,0.4,88-74,1,57-33,,32-40,,50-32,39-41,10-5,28-26,68-42,21-31,36-36,53-37
1970,NL East,2,Chicago Cubs,84,78,.519,5.0,5.0,5.0,4.2,0.8,-0.1,0.7,94-68,-10,44-46,,40-32,,46-34,38-44,4-6,17-21,62-63,22-15,35-37,49-41
1970,NL East,3,New York Mets,83,79,.512,6.0,7.0,4.3,3.9,0.4,0.0,0.4,88-74,-5,50-40,,33-39,,44-38,39-41,9-11,24-27,54-61,29-18,32-40,51-39
1970,NL East,4,St. Louis Cardinals,76,86,.469,13.0,28.0,4.6,4.6,0.0,0.0,0.0,81-81,-5,44-46,,32-40,,34-47,42-39,5-16,26-28,54-65,22-21,36-54,40-32
1970,NL East,5,Philadelphia Phillies,73,88,.453,15.5,38.0,3.7,4.5,-0.8,0.1,-0.8,65-96,8,33-57,,40-31,,40-40,33-48,14-9,29-25,53-59,20-29,36-53,37-35
1970,NL East,6,Montreal Expos,73,89,.451,16.0,40.5,4.2,5.0,-0.7,0.1,-0.7,69-93,4,42-48,,31-41,,39-41,34-48,5-9,28-25,44-59,29-30,39-51,34-38
1970,AL West,1,Minnesota Twins,98,64,.605,--,,4.6,3.7,0.9,-0.1,0.7,96-66,2,37-35,,61-29,,51-30,47-34,10-4,32-23,67-41,31-23,40-32,58-32
1970,AL West,2,Oakland Athletics,89,73,.549,9.0,9.0,4.2,3.7,0.5,-0.1,0.4,91-71,-2,37-35,,52-38,,49-32,40-41,3-8,30-21,52-40,37-33,31-41,58-32
1970,AL West,3,California Angels,86,76,.531,12.0,15.0,3.9,3.9,0.0,0.0,0.0,81-81,5,36-36,,50-40,,43-38,43-38,9-7,32-25,61-48,25-28,33-39,53-37
1970,AL West,4,Kansas City Royals,65,97,.401,33.0,78.0,3.8,4.4,-0.6,0.0,-0.6,70-92,-5,22-50,,43-47,,35-44,30-53,14-8,23-33,51-59,14-38,26-64,39-33
1970,AL West,5,Milwaukee Brewers,65,97,.401,33.0,78.0,3.8,4.6,-0.8,0.0,-0.8,66-96,-1,29-43,,36-54,,38-42,27-55,8-8,28-33,45-59,20-38,34-56,31-41
1970,AL West,6,Chicago White Sox,56,106,.346,42.0,123.0,3.9,5.1,-1.2,0.1,-1.1,62-100,-6,28-44,,28-62,,31-53,25-53,2-8,16-33,37-75,19-31,26-64,30-42
1970,AL East,1,Baltimore Orioles,108,54,.667,--,,4.9,3.5,1.3,-0.1,1.3,104-58,4,61-29,,47-25,,59-22,49-32,16-9,40-15,79-36,29-18,43-29,65-25
1970,AL East,2,New York Yankees,93,69,.574,15.0,15.0,4.2,3.8,0.4,0.0,0.4,89-73,4,46-44,,47-25,,53-28,40-41,9-9,30-27,59-38,34-31,35-37,58-32
1970,AL East,3,Boston Red Sox,87,75,.537,21.0,27.0,4.9,4.5,0.4,0.0,0.4,87-75,0,48-42,,39-33,,52-29,35-46,4-8,23-25,60-53,27-22,34-38,53-37
1970,AL East,4,Detroit Tigers,79,83,.488,29.0,51.0,4.1,4.5,-0.4,0.1,-0.3,74-88,5,43-47,,36-36,,42-39,37-44,7-8,27-23,54-57,25-26,39-51,40-32
1970,AL East,5,Cleveland Indians,76,86,.469,32.0,63.0,4.0,4.2,-0.2,0.1,-0.1,78-84,-2,36-54,,40-32,,43-38,33-48,5-9,22-35,52-46,24-40,37-53,39-33
1970,AL East,6,Washington Senators,70,92,.432,38.0,93.0,3.9,4.3,-0.4,0.1,-0.3,74-88,-4,36-54,,34-38,,40-41,30-51,9-10,23-33,42-54,28-38,33-57,37-35
1975,NL West,1,Cincinnati Reds,108,54,.667,--,,5.2,3.6,1.6,-0.2,1.4,107-55,1,48-24,,60-30,,64-17,44-37,11-4,32-20,85-32,23-22,37-29,71-25
1975,NL West,2,Los Angeles Dodgers,88,74,.543,20.0,20.0,4.0,3.3,0.7,-0.1,0.6,95-67,-7,35-37,,53-37,,49-32,39-42,8-10,29-32,65-56,23-18,33-33,55-41
1975,NL West,3,San Francisco Giants,80,81,.497,27.5,35.0,4.1,4.2,-0.1,0.0,-0.1,79-82,1,35-37,,45-44,,46-35,34-46,10-5,25-24,45-53,35-28,34-50,46-31
1975,NL West,4,San Diego Padres,71,91,.438,37.0,63.5,3.4,4.2,-0.8,0.1,-0.7,65-97,6,29-43,,42-48,,38-43,33-48,7-11,24-20,52-64,19-27,31-53,40-38
1975,NL West,5,Atlanta Braves,67,94,.416,40.5,77.5,3.6,4.6,-1.0,0.1,-0.9,63-98,4,29-43,,38-51,,37-43,30-51,7-5,26-30,41-59,26-35,27-57,40-37
1975,NL West,6,Houston Astros,64,97,.398,43.5,92.5,4.1,4.4,-0.3,0.0,-0.3,75-86,-11,33-38,,31-59,,37-44,27-53,5-14,16-41,49-69,15-28,31-52,33-45
1975,NL East,1,Pittsburgh Pirates,92,69,.571,--,,4.4,3.5,0.9,-0.1,0.8,97-64,-5,53-37,,39-32,,52-28,40-41,4-7,17-20,58-43,34-26,43-35,49-34
1975,NL East,2,Philadelphia Phillies,86,76,.531,6.5,6.5,4.5,4.3,0.3,0.0,0.2,85-77,1,49-41,,37-35,,51-30,35-46,11-7,24-27,70-63,16-13,42-36,44-40
1975,NL East,3,New York Mets,82,80,.506,10.5,14.5,4.0,3.9,0.1,0.0,0.1,83-79,-1,40-50,,42-30,,42-39,40-41,8-10,23-29,60-55,22-25,31-47,51-33
1975,NL East,4,St. Louis Cardinals,82,80,.506,10.5,14.5,4.1,4.2,-0.2,0.0,-0.2,78-84,4,39-51,,43-29,,45-36,37-44,10-6,29-14,46-45,36-35,36-42,46-38
1975,NL East,5,Chicago Cubs,75,87,.463,17.5,42.5,4.4,5.1,-0.7,0.1,-0.6,70-92,5,45-45,,30-42,,42-39,33-48,7-7,27-19,56-64,19-23,42-54,33-33
1975,NL East,6,Montreal Expos,75,87,.463,17.5,42.5,3.7,4.3,-0.5,0.1,-0.5,71-91,4,44-46,,31-41,,39-42,36-45,12-14,28-24,54-54,21-33,46-50,29-37
1975,AL West,1,Oakland Athletics,98,64,.605,--,,4.7,3.7,0.9,-0.1,0.9,97-65,1,43-29,,55-35,,54-27,44-37,8-1,26-19,72-40,26-24,31-23,67-41
1975,AL West,2,Kansas City Royals,91,71,.562,7.0,7.0,4.4,4.0,0.4,0.0,0.3,88-74,3,36-36,,55-35,,51-30,40-41,13-5,28-25,63-43,28-28,24-30,67-41
1975,AL West,3,Texas Rangers,79,83,.488,19.0,31.0,4.4,4.5,-0.1,0.0,-0.1,79-83,0,37-35,,42-48,,39-41,40-42,11-6,33-21,50-66,29-17,23-49,56-34
1975,AL West,4,Minnesota Twins,76,83,.478,20.5,35.5,4.6,4.6,-0.1,0.0,-0.1,78-81,-2,36-33,,40-50,,39-43,37-40,5-9,28-25,50-49,26-34,25-47,51-36
1975,AL West,5,Chicago White Sox,75,86,.466,22.5,43.5,4.1,4.4,-0.3,0.0,-0.3,75-86,0,34-37,,41-49,,42-39,33-47,7-12,24-30,52-57,23-29,32-39,43-47
1975,AL West,6,California Angels,72,89,.447,25.5,58.5,3.9,4.5,-0.6,0.1,-0.5,70-91,2,35-36,,37-53,,35-46,37-43,7-10,24-26,39-56,33-33,30-42,42-47
1975,AL East,1,Boston Red Sox,95,65,.594,--,,5.0,4.4,0.5,-0.1,0.5,88-72,7,50-38,,45-27,,47-34,48-31,8-4,23-13,75-48,20-17,33-25,62-40
1975,AL East,2,Baltimore Orioles,90,69,.566,4.5,4.5,4.3,3.5,0.8,-0.1,0.7,95-64,-5,53-35,,37-34,,44-33,46-36,11-12,25-27,67-53,23-16,28-32,62-37
1975,AL East,3,New York Yankees,83,77,.519,12.0,19.5,4.3,3.7,0.6,-0.1,0.5,91-69,-8,45-43,,38-34,,43-35,40-42,5-5,20-29,52-45,31-32,26-32,57-45
1975,AL East,4,Cleveland Indians,79,80,.497,15.5,30.0,4.3,4.4,-0.1,0.0,-0.1,78-81,1,49-41,,30-39,,41-39,38-41,7-10,27-23,48-56,31-24,36-42,43-38
1975,AL East,5,Milwaukee Brewers,68,94,.420,28.0,80.0,4.2,4.9,-0.7,0.1,-0.7,69-93,-1,41-49,,27-45,,36-45,32-49,3-6,18-24,45-64,23-30,31-47,37-47
1975,AL East,6,Detroit Tigers,57,102,.358,37.5,127.5,3.6,4.9,-1.4,0.1,-1.2,57-102,0,28-60,,29-42,,31-49,26-53,3-8,13-27,34-70,23-32,27-49,30-53
1980,NL West,1,Houston Astros,93,70,.571,--,,3.9,3.6,0.3,0.0,0.3,87-76,6,41-31,,52-39,,55-26,38-44,9-7,33-27,61-45,32-25,45-46,48-24
1980,NL West,2,Los Angeles Dodgers,92,71,.564,1.0,1.0,4.1,3.6,0.4,0.0,0.4,90-73,2,44-28,,48-43,,55-27,37-44,10-9,31-33,76-63,16-8,49-42,43-29
1980,NL West,3,Cincinnati Reds,89,73,.549,3.5,6.0,4.3,4.1,0.2,0.0,0.2,85-77,4,34-38,,55-35,,44-37,45-36,7-6,32-18,64-52,25-21,49-41,40-32
1980,NL West,4,Atlanta Braves,81,80,.503,11.0,28.5,3.9,4.1,-0.2,0.0,-0.2,77-84,4,38-34,,43-46,,50-30,31-50,8-6,31-26,65-61,16-19,41-49,40-31
1980,NL West,5,San Francisco Giants,75,86,.466,17.0,52.5,3.6,3.9,-0.4,0.0,-0.3,73-88,2,38-34,,37-52,,44-37,31-49,8-8,27-27,53-69,22-17,44-63,31-23
1980,NL West,6,San Diego Padres,73,89,.451,19.5,65.0,3.6,4.0,-0.4,0.0,-0.3,74-88,-1,38-34,,35-55,,45-36,28-53,6-6,28-36,60-69,13-20,37-71,36-18
1980,NL East,1,Philadelphia Phillies,91,71,.562,--,,4.5,3.9,0.5,-0.1,0.5,91-71,0,50-40,,41-31,,49-32,42-39,13-9,32-28,74-59,17-12,43-41,48-30
1980,NL East,2,Montreal Expos,90,72,.556,1.0,1.0,4.3,3.9,0.4,0.0,0.4,88-74,2,49-41,,41-31,,51-29,39-43,11-9,33-27,69-62,21-10,39-45,51-27
1980,NL East,3,Pittsburgh Pirates,83,79,.512,8.0,15.0,4.1,4.0,0.1,0.0,0.1,83-79,0,51-39,,32-40,,47-34,36-45,8-10,32-29,55-53,28-26,41-43,42-36
1980,NL East,4,St. Louis Cardinals,74,88,.457,17.0,42.0,4.6,4.4,0.2,0.0,0.2,84-78,-10,41-49,,33-39,,41-40,33-48,11-7,18-30,52-63,22-25,46-56,28-32
1980,NL East,5,New York Mets,67,95,.414,24.0,70.0,3.8,4.3,-0.6,0.1,-0.5,71-91,-4,41-49,,26-46,,38-44,29-51,8-13,26-34,48-70,19-25,46-56,21-39
1980,NL East,6,Chicago Cubs,64,98,.395,27.0,85.0,3.8,4.5,-0.7,0.1,-0.6,68-94,-4,38-52,,26-46,,37-44,27-54,4-13,21-29,44-79,20-19,36-66,28-32
1980,AL West,1,Kansas City Royals,97,65,.599,--,,5.0,4.3,0.7,-0.1,0.6,92-70,5,53-31,,44-34,,49-32,48-33,8-6,29-12,60-37,37-28,43-30,54-35
1980,AL West,2,Oakland Athletics,83,79,.512,14.0,14.0,4.2,4.0,0.3,0.0,0.2,86-76,-3,37-47,,46-32,,46-35,37-44,8-9,16-26,52-46,31-33,30-43,53-36
1980,AL West,3,Minnesota Twins,77,84,.478,19.5,25.0,4.2,4.5,-0.3,0.0,-0.3,75-86,2,33-51,,44-33,,44-36,33-48,7-10,26-26,51-45,26-39,37-49,40-35
1980,AL West,4,Texas Rangers,76,85,.472,20.5,28.0,4.6,4.6,0.0,0.0,0.0,81-80,-5,46-38,,30-47,,39-41,37-44,9-9,20-30,51-57,25-28,42-44,34-41
1980,AL West,5,Chicago White Sox,70,90,.438,26.0,50.0,3.6,4.5,-0.8,0.1,-0.8,65-95,5,32-50,,38-40,,37-42,33-48,6-4,25-25,45-64,25-26,33-51,37-39
1980,AL West,6,California Angels,65,95,.406,31.0,75.0,4.4,5.0,-0.6,0.0,-0.6,70-90,-5,25-57,,40-38,,30-51,35-44,6-10,21-24,46-62,19-33,26-60,39-35
1980,AL West,7,Seattle Mariners,59,103,.364,38.0,117.0,3.7,4.9,-1.1,0.1,-1.0,62-100,-3,29-55,,30-48,,36-45,23-58,9-9,22-27,34-72,25-31,30-56,29-47
1980,AL East,1,New York Yankees,103,59,.636,--,,5.1,4.1,1.0,-0.1,0.9,97-65,6,50-28,,53-31,,53-28,50-31,10-9,30-20,62-32,41-27,44-32,59-27
1980,AL East,2,Baltimore Orioles,100,62,.617,3.0,3.0,5.0,4.0,1.0,-0.1,1.0,98-64,2,49-29,,51-33,,50-31,50-31,6-6,28-23,65-39,35-23,45-31,55-31
1980,AL East,3,Milwaukee Brewers,86,76,.531,17.0,31.0,5.0,4.2,0.8,-0.1,0.7,94-68,-8,39-39,,47-37,,40-42,46-34,3-7,12-22,54-54,32-22,37-39,49-37
1980,AL East,4,Detroit Tigers,84,78,.519,19.0,37.0,5.1,4.6,0.4,0.0,0.4,88-74,-4,39-39,,45-39,,43-38,41-40,9-8,23-23,48-38,36-40,28-48,56-30
1980,AL East,5,Boston Red Sox,83,77,.519,19.0,37.0,4.7,4.8,-0.1,0.0,0.0,79-81,4,36-42,,47-35,,36-45,47-32,9-5,25-23,58-54,25-23,36-40,47-37
1980,AL East,6,Cleveland Indians,79,81,.494,23.0,57.0,4.6,5.0,-0.4,0.0,-0.4,73-87,6,32-46,,47-35,,44-35,35-46,6-6,23-21,54-52,25-29,35-54,44-27
1980,AL East,7,Toronto Blue Jays,67,95,.414,36.0,135.0,3.9,4.7,-0.9,0.1,-0.8,66-96,1,28-50,,39-45,,35-46,32-49,10-8,23-21,47-59,20-36,30-59,37-36
1985,NL West,1,Los Angeles Dodgers,95,67,.586,--,,4.2,3.6,0.6,-0.1,0.5,93-69,2,40-32,,55-35,,48-33,47-34,8-11,28-20,68-49,27-18,52-38,43-29
1985,NL West,2,Cincinnati Reds,89,72,.553,5.5,5.5,4.2,4.1,0.1,0.0,0.0,82-79,7,39-32,,50-40,,47-34,42-38,12-3,39-18,66-51,23-21,44-46,45-26
1985,NL West,3,Houston Astros,83,79,.512,12.0,18.5,4.4,4.3,0.1,0.0,0.1,83-79,0,33-39,,50-40,,44-37,39-42,7-11,25-21,48-52,35-27,41-49,42-30
1985,NL West,4,San Diego Padres,83,79,.512,12.0,18.5,4.0,3.8,0.2,0.0,0.1,84-78,-1,35-37,,48-42,,44-37,39-42,7-9,31-30,56-50,27-29,41-49,42-30
1985,NL West,5,Atlanta Braves,66,96,.407,29.0,86.5,3.9,4.8,-0.9,0.1,-0.9,66-96,0,29-43,,37-53,,32-49,34-47,10-8,18-24,42-65,24-31,35-73,31-23
1985,NL West,6,San Francisco Giants,62,100,.383,33.0,106.5,3.4,4.2,-0.7,0.0,-0.7,67-95,-5,32-40,,30-60,,38-43,24-57,10-9,22-36,45-70,17-30,33-75,29-25
1985,NL East,1,St. Louis Cardinals,101,61,.623,--,,4.6,3.5,1.1,-0.1,1.0,100-62,1,56-34,,45-27,,54-27,47-34,9-11,28-19,74-39,27-22,43-41,58-20
1985,NL East,2,New York Mets,98,64,.605,3.0,3.0,4.3,3.5,0.8,-0.1,0.7,96-66,2,52-38,,46-26,,51-30,47-34,12-10,33-31,57-42,41-22,45-39,53-25
1985,NL East,3,Montreal Expos,84,77,.522,16.5,30.0,3.9,4.0,0.0,0.0,0.0,80-81,4,48-41,,36-36,,44-37,40-40,11-10,23-24,53-57,31-20,40-44,44-33
1985,NL East,4,Chicago Cubs,77,84,.478,23.5,51.0,4.2,4.5,-0.3,0.1,-0.2,76-85,1,41-49,,36-35,,41-39,36-45,6-7,27-21,52-68,25-16,38-63,39-21
1985,NL East,5,Philadelphia Phillies,75,87,.463,26.0,61.0,4.1,4.2,0.0,0.0,0.0,80-82,-5,41-49,,34-38,,41-40,34-47,8-8,23-35,52-65,23-22,51-51,24-36
1985,NL East,6,Pittsburgh Pirates,57,104,.354,43.5,148.5,3.5,4.4,-0.9,0.1,-0.8,64-97,-7,31-58,,26-46,,35-45,22-59,8-11,20-38,45-72,12-32,36-65,21-39
1985,AL West,1,Kansas City Royals,91,71,.562,--,,4.2,3.9,0.3,0.0,0.3,86-76,5,50-34,,41-37,,50-32,41-39,11-7,29-23,64-49,27-22,49-37,42-34
1985,AL West,2,California Angels,90,72,.556,1.0,1.0,4.5,4.3,0.2,0.0,0.2,84-78,6,45-39,,45-33,,49-30,41-42,11-3,30-13,61-54,29-18,40-46,50-26
1985,AL West,3,Chicago White Sox,85,77,.525,6.0,11.0,4.5,4.4,0.1,0.0,0.1,83-79,2,42-42,,43-35,,45-36,40-41,11-4,24-25,56-53,29-24,37-49,48-28
1985,AL West,4,Minnesota Twins,77,85,.475,14.0,35.0,4.4,4.8,-0.5,0.0,-0.4,73-89,4,38-46,,39-39,,49-35,28-50,5-4,25-24,51-53,26-32,44-55,33-30
1985,AL West,5,Oakland Athletics,77,85,.475,14.0,35.0,4.7,4.9,-0.2,0.0,-0.2,78-84,-1,41-43,,36-42,,43-36,34-49,7-10,21-24,49-59,28-26,40-59,37-26
1985,AL West,6,Seattle Mariners,74,88,.457,17.0,50.0,4.4,5.0,-0.6,0.0,-0.6,71-91,3,38-46,,36-42,,42-41,32-47,6-3,24-18,45-65,29-23,42-57,32-31
1985,AL West,7,Texas Rangers,62,99,.385,28.5,119.0,3.8,4.9,-1.0,0.1,-1.0,63-98,-1,29-54,,33-45,,37-43,25-56,1-8,11-27,37-70,25-29,35-64,27-35
1985,AL East,1,Toronto Blue Jays,99,62,.615,--,,4.7,3.7,1.1,-0.1,1.0,99-62,0,44-33,,55-29,,54-26,45-36,12-5,26-21,67-35,32-27,47-40,52-22
1985,AL East,2,New York Yankees,97,64,.602,2.0,2.0,5.2,4.1,1.1,-0.1,1.0,98-63,-1,42-35,,55-29,,58-22,39-42,6-10,24-24,57-39,40-25,51-36,46-28
1985,AL East,3,Detroit Tigers,84,77,.522,15.0,28.0,4.5,4.3,0.3,0.0,0.2,85-76,-1,46-31,,38-46,,44-37,40-40,10-8,29-24,55-56,29-21,44-43,40-34
1985,AL East,4,Baltimore Orioles,83,78,.516,16.0,31.0,5.1,4.7,0.3,0.0,0.3,86-75,-3,33-44,,50-34,,45-36,38-42,3-8,19-21,52-51,31-27,37-50,46-28
1985,AL East,5,Boston Red Sox,81,81,.500,18.5,41.0,4.9,4.4,0.5,0.0,0.5,89-73,-8,41-37,,40-44,,43-37,38-44,8-8,22-27,61-54,20-27,42-46,39-35
1985,AL East,6,Milwaukee Brewers,71,90,.441,28.0,88.5,4.3,5.0,-0.7,0.1,-0.6,69-92,2,33-45,,38-45,,40-40,31-50,4-12,24-22,47-59,24-31,41-60,30-30
1985,AL East,7,Cleveland Indians,60,102,.370,39.5,157.5,4.5,5.3,-0.8,0.1,-0.7,69-93,-9,32-46,,28-56,,38-43,22-59,2-7,14-29,38-66,22-36,33-68,27-34
1990,NL West,1,Cincinnati Reds,91,71,.562,--,,4.3,3.7,0.6,-0.1,0.5,92-70,-1,45-27,,46-44,,46-35,45-36,6-8,20-19,54-47,37-24,37-35,54-36
1990,NL West,2,Los Angeles Dodgers,86,76,.531,5.0,5.0,4.5,4.2,0.3,0.0,0.2,86-76,0,39-33,,47-43,,47-34,39-42,10-3,26-16,55-51,31-25,32-40,54-36
1990,NL West,3,San Francisco Giants,85,77,.525,6.0,7.0,4.4,4.4,0.1,0.0,0.0,82-80,3,32-40,,53-37,,49-32,36-45,7-8,25-23,53-50,32-27,35-37,50-40
1990,NL West,4,Houston Astros,75,87,.463,16.0,37.0,3.5,4.0,-0.5,0.0,-0.5,71-91,4,32-40,,43-47,,49-32,26-55,14-13,24-23,42-49,33-38,41-49,34-38
1990,NL West,5,San Diego Padres,75,87,.463,16.0,37.0,4.2,4.2,0.0,0.0,0.0,81-81,-6,26-46,,49-41,,37-44,38-43,10-10,19-27,43-60,32-27,39-51,36-36
1990,NL West,6,Atlanta Braves,65,97,.401,26.0,87.0,4.2,5.1,-0.9,0.1,-0.8,67-95,-2,33-39,,32-58,,37-44,28-53,5-11,18-21,35-72,30-25,34-56,31-41
1990,NL East,1,Pittsburgh Pirates,95,67,.586,--,,4.5,3.8,0.7,-0.1,0.7,93-69,2,49-41,,46-26,,49-32,46-35,8-6,28-20,51-42,44-25,35-37,60-30
1990,NL East,2,New York Mets,91,71,.562,4.0,4.0,4.8,3.8,1.0,-0.1,0.9,98-64,-7,51-39,,40-32,,52-29,39-42,5-5,23-28,64-38,27-33,40-32,51-39
1990,NL East,3,Montreal Expos,85,77,.525,10.0,16.0,4.1,3.7,0.4,0.0,0.4,89-73,-4,49-41,,36-36,,47-34,38-43,9-12,30-30,51-51,34-26,37-35,48-42
1990,NL East,4,Chicago Cubs,77,85,.475,18.0,40.0,4.3,4.8,-0.5,0.1,-0.4,73-89,4,43-47,,34-38,,39-42,38-43,7-6,24-29,50-54,27-31,38-52,39-33
1990,NL East,5,Philadelphia Phillies,77,85,.475,18.0,40.0,4.0,4.5,-0.5,0.1,-0.4,72-90,5,39-51,,38-34,,41-40,36-45,8-8,28-26,49-60,28-25,39-51,38-34
1990,NL East,6,St. Louis Cardinals,70,92,.432,25.0,75.0,3.7,4.3,-0.6,0.1,-0.5,70-92,0,39-51,,31-41,,34-47,36-45,7-6,21-24,39-60,31-32,32-58,38-34
1990,AL West,1,Oakland Athletics,103,59,.636,--,,4.5,3.5,1.0,-0.1,0.9,99-63,4,56-28,,47-31,,51-30,52-29,9-5,23-18,74-44,29-15,28-22,75-37
1990,AL West,2,Chicago White Sox,94,68,.580,9.0,9.0,4.2,3.9,0.3,0.0,0.3,87-75,7,47-37,,47-31,,49-31,45-37,5-8,30-22,54-43,40-25,26-24,68-44
1990,AL West,3,Texas Rangers,83,79,.512,20.0,31.0,4.2,4.3,-0.1,0.0,-0.1,79-83,4,45-39,,38-40,,47-35,36-44,8-5,37-22,55-54,28-25,25-25,58-54
1990,AL West,4,California Angels,80,82,.494,23.0,40.0,4.3,4.4,-0.1,0.0,-0.1,79-83,1,42-42,,38-40,,42-39,38-43,10-5,23-21,54-60,26-22,29-34,51-48
1990,AL West,5,Seattle Mariners,77,85,.475,26.0,52.0,4.0,4.2,-0.2,0.0,-0.2,77-85,0,40-44,,37-41,,38-43,39-42,4-6,20-28,51-63,26-22,26-37,51-48
1990,AL West,6,Kansas City Royals,75,86,.466,27.5,59.5,4.4,4.4,0.0,0.0,0.0,80-81,-5,41-42,,34-44,,45-36,30-50,5-4,21-26,44-65,31-21,26-37,49-49
1990,AL West,7,Minnesota Twins,74,88,.457,29.0,68.5,4.1,4.5,-0.4,0.0,-0.4,74-88,0,42-42,,32-46,,41-40,33-48,6-4,21-19,52-62,22-26,28-35,46-53
1990,AL East,1,Boston Red Sox,88,74,.543,--,,4.3,4.1,0.2,0.0,0.2,85-77,3,50-28,,38-46,,51-30,37-44,5-8,31-22,58-51,30-23,25-24,63-50
1990,AL East,2,Toronto Blue Jays,86,76,.531,2.0,2.0,4.7,4.1,0.7,-0.1,0.6,92-70,-6,42-36,,44-40,,44-37,42-39,4-8,24-27,61-52,25-24,20-29,66-47
1990,AL East,3,Detroit Tigers,79,83,.488,9.0,16.0,4.6,4.7,0.0,0.0,0.0,81-81,-2,35-43,,44-40,,39-42,40-41,5-4,22-22,52-61,27-22,29-33,50-50
1990,AL East,4,Cleveland Indians,77,85,.475,11.0,22.0,4.5,4.5,0.0,0.0,0.0,80-82,-3,34-44,,43-41,,41-40,36-45,4-5,16-24,43-65,34-20,26-36,51-49
1990,AL East,5,Baltimore Orioles,76,85,.472,11.5,24.0,4.2,4.3,-0.2,0.0,-0.2,77-84,-1,34-44,,42-41,,40-40,36-45,13-4,22-28,52-53,24-32,27-35,49-50
1990,AL East,6,Milwaukee Brewers,74,88,.457,14.0,36.5,4.5,4.7,-0.2,0.0,-0.2,78-84,-4,41-37,,33-51,,39-42,35-46,3-9,18-23,53-63,21-25,27-35,47-53
1990,AL East,7,New York Yankees,67,95,.414,21.0,78.5,3.7,4.6,-0.9,0.1,-0.8,65-97,2,37-41,,30-54,,37-44,30-51,5-11,23-29,39-68,28-27,14-48,53-47
1995,NL Central,1,Cincinnati Reds,85,59,.590,--,,5.2,4.3,0.9,0.0,0.8,84-60,1,35-26,35-14,15-19,0-0,44-28,41-31,10-3,23-15,62-47,23-12,33-22,52-37
1995,NL Central,2,Houston Astros,76,68,.528,9.0,9.0,5.2,4.7,0.5,0.0,0.5,79-65,-3,30-30,27-25,19-13,0-0,36-36,40-32,11-10,20-23,52-51,24-17,22-29,54-39
1995,NL Central,3,Chicago Cubs,73,71,.507,12.0,15.0,4.8,4.7,0.2,0.0,0.1,74-70,-1,25-21,25-24,23-26,0-0,34-38,39-33,8-6,19-24,49-51,24-20,25-35,48-36
1995,NL Central,4,St. Louis Cardinals,62,81,.434,22.5,46.5,3.9,4.6,-0.7,0.0,-0.6,61-82,1,19-23,20-32,23-26,0-0,39-33,23-48,9-5,25-25,49-58,13-23,30-45,32-36
1995,NL Central,5,Pittsburgh Pirates,58,86,.403,27.0,64.5,4.4,5.1,-0.7,0.0,-0.7,62-82,-4,20-23,20-32,18-31,0-0,31-41,27-45,6-7,19-27,45-58,13-28,24-46,34-40
1995,NL West,1,Los Angeles Dodgers,78,66,.542,--,,4.4,4.2,0.2,-0.1,0.1,75-69,3,28-28,26-23,24-15,0-0,39-33,39-33,5-6,19-26,56-48,22-18,23-23,55-43
1995,NL West,2,Colorado Rockies,77,67,.535,1.0,1.0,5.5,5.4,0.0,0.0,0.0,72-72,5,25-23,31-26,21-18,0-0,44-28,33-39,5-7,19-19,49-50,28-17,26-33,51-34
1995,NL West,3,San Diego Padres,70,74,.486,8.0,15.0,4.6,4.7,0.0,0.0,-0.1,72-72,-2,22-27,32-24,16-23,0-0,40-32,30-42,6-7,20-22,53-51,17-23,29-36,41-38
1995,NL West,4,San Francisco Giants,67,77,.465,11.0,24.0,4.5,5.4,-0.9,0.0,-0.9,61-83,6,24-30,26-25,17-22,0-0,37-35,30-42,8-7,26-15,57-57,10-20,24-36,43-41
1995,NL East,1,Atlanta Braves,90,54,.625,--,,4.5,3.8,0.7,0.0,0.7,84-60,6,31-21,33-22,26-11,0-0,44-28,46-26,3-9,31-17,67-41,23-13,36-23,54-31
1995,NL East,2,New York Mets,69,75,.479,21.0,21.0,4.6,4.3,0.3,0.0,0.3,76-68,-7,27-25,21-24,21-26,0-0,40-32,29-43,9-7,21-24,48-51,21-24,32-33,37-42
1995,NL East,3,Philadelphia Phillies,69,75,.479,21.0,21.0,4.3,4.6,-0.3,0.1,-0.2,68-76,1,24-28,22-27,23-20,0-0,35-37,34-38,9-8,20-23,49-48,20-27,28-35,41-40
1995,NL East,4,Florida Marlins,67,76,.469,22.5,25.5,4.7,4.7,0.0,0.0,0.0,72-71,-5,22-30,27-29,18-17,0-0,37-34,30-42,6-9,18-17,46-48,21-28,31-40,36-36
1995,NL East,5,Montreal Expos,66,78,.458,24.0,31.5,4.3,4.4,-0.1,0.0,-0.1,70-74,-4,26-26,20-27,20-25,0-0,31-41,35-37,4-8,20-23,48-59,18-19,22-43,44-35
1995,AL Central,1,Cleveland Indians,100,44,.694,--,,5.8,4.2,1.6,-0.2,1.4,93-51,7,43-20,37-14,20-10,0-0,54-18,46-26,13-0,28-14,73-30,27-14,26-22,74-22
1995,AL Central,2,Kansas City Royals,70,74,.486,30.0,30.0,4.4,4.8,-0.4,0.0,-0.4,66-78,4,21-22,22-28,27-24,0-0,35-37,35-37,7-6,24-19,56-47,14-27,28-37,42-37
1995,AL Central,3,Chicago White Sox,68,76,.472,32.0,34.0,5.2,5.2,0.0,0.0,-0.1,72-72,-4,21-22,29-23,18-31,0-0,38-34,30-42,7-7,22-25,53-51,15-25,22-41,46-35
1995,AL Central,4,Milwaukee Brewers,65,79,.451,35.0,43.0,5.1,5.2,0.0,-0.1,-0.1,71-73,-6,26-34,22-29,17-16,0-0,33-39,32-40,7-5,16-17,52-50,13-29,23-37,42-42
1995,AL Central,5,Minnesota Twins,56,88,.389,44.0,79.0,4.9,6.2,-1.3,0.1,-1.2,57-87,-1,19-23,18-34,19-31,0-0,29-43,27-45,5-5,15-18,37-62,19-26,25-42,31-46
1995,AL West,1,Seattle Mariners,79,66,.545,--,,5.5,4.9,0.6,0.0,0.6,80-65,-1,29-26,28-23,22-17,0-0,46-27,33-39,4-6,18-23,54-47,25-19,34-26,45-40
1995,AL West,2,California Angels,78,67,.538,1.0,1.0,5.5,4.8,0.7,-0.1,0.6,82-63,-4,28-29,31-18,19-20,0-0,39-33,39-34,6-5,16-14,55-49,23-18,26-31,52-36
1995,AL West,3,Texas Rangers,74,70,.514,4.5,8.0,4.8,5.0,-0.2,-0.1,-0.3,69-75,5,25-20,31-29,18-21,0-0,41-31,33-39,6-6,21-18,49-48,25-22,20-31,54-39
1995,AL West,4,Oakland Athletics,67,77,.465,11.5,29.0,5.1,5.3,-0.2,0.0,-0.2,69-75,-2,26-26,22-31,19-20,0-0,38-34,29-43,4-9,13-18,40-55,27-22,32-39,35-38
1995,AL East,1,Boston Red Sox,86,58,.597,--,,5.5,4.8,0.6,0.0,0.7,80-64,6,30-22,27-20,29-16,0-0,42-30,44-28,8-3,25-15,66-41,20-17,32-27,54-31
1995,AL East,2,New York Yankees,79,65,.549,7.0,7.0,5.2,4.7,0.4,0.0,0.4,78-66,1,35-17,25-20,19-28,0-0,46-26,33-39,3-5,14-17,54-37,25-28,29-30,50-35
1995,AL East,3,Baltimore Orioles,71,73,.493,15.0,23.0,4.9,4.4,0.4,0.0,0.5,78-66,-7,25-27,22-27,24-19,0-0,36-36,35-37,2-3,16-21,49-56,22-17,31-38,40-35
1995,AL East,4,Detroit Tigers,60,84,.417,26.0,56.0,4.5,5.9,-1.3,0.1,-1.2,55-89,5,22-30,25-32,13-22,0-0,35-37,25-47,4-8,15-17,45-63,15-21,24-45,36-39
1995,AL East,5,Toronto Blue Jays,56,88,.389,30.0,72.0,4.5,5.4,-0.9,0.1,-0.8,60-84,-4,18-34,22-31,16-23,0-0,29-43,27-45,5-13,16-23,41-59,15-29,18-50,38-38
2000,NL Central,1,St. Louis Cardinals,95,67,.586,--,,5.5,4.8,0.7,-0.1,0.6,91-71,4,25-16,37-25,26-18,7-8,50-31,45-36,5-2,28-16,78-44,17-23,33-37,62-30
2000,NL Central,2,Cincinnati Reds,85,77,.525,10.0,10.0,5.1,4.7,0.4,-0.1,0.3,87-75,-2,22-19,34-29,22-21,7-8,43-38,42-39,9-7,25-23,60-65,25-12,38-34,47-43
2000,NL Central,3,Milwaukee Brewers,73,89,.451,22.0,34.0,4.5,5.1,-0.5,0.0,-0.6,73-89,0,15-26,33-30,19-24,6-9,42-39,31-50,13-9,26-21,59-68,14-21,35-48,38-41
2000,NL Central,4,Houston Astros,72,90,.444,23.0,37.0,5.8,5.8,0.0,-0.1,-0.1,81-81,-9,20-22,35-27,11-32,6-9,39-42,33-48,6-9,15-31,57-69,15-21,28-52,44-38
2000,NL Central,5,Pittsburgh Pirates,69,93,.426,26.0,49.0,4.9,5.5,-0.6,0.0,-0.6,73-89,-4,18-23,27-35,18-26,6-9,37-44,32-49,8-11,17-30,54-71,15-22,25-54,44-39
2000,NL Central,6,Chicago Cubs,65,97,.401,30.0,69.0,4.7,5.6,-0.9,0.0,-0.9,69-93,-4,18-23,21-41,18-26,8-7,38-43,27-54,9-13,27-30,51-76,14-21,32-51,33-46
2000,NL West,1,San Francisco Giants,97,65,.599,--,,5.7,4.6,1.1,-0.1,1.0,97-65,0,27-17,36-17,26-24,8-7,55-26,42-39,7-5,18-22,78-45,19-20,43-42,54-23
2000,NL West,2,Los Angeles Dodgers,86,76,.531,11.0,11.0,4.9,4.5,0.4,0.0,0.4,88-74,-2,23-21,27-25,30-21,6-9,44-37,42-39,9-5,25-21,67-51,19-25,40-46,46-30
2000,NL West,3,Arizona Diamondbacks,85,77,.525,12.0,13.0,4.9,4.7,0.2,0.0,0.2,85-77,0,21-24,29-21,29-23,6-9,47-34,38-43,5-8,22-27,62-60,23-17,36-46,49-31
2000,NL West,4,Colorado Rockies,82,80,.506,15.0,22.0,6.0,5.5,0.4,0.0,0.4,87-75,-5,24-21,29-24,23-29,6-6,48-33,34-47,6-5,23-20,58-67,24-13,34-49,48-31
2000,NL West,5,San Diego Padres,76,86,.469,21.0,46.0,4.6,5.0,-0.4,0.0,-0.3,75-87,1,25-18,26-27,20-31,5-10,41-40,35-46,11-13,25-27,57-56,19-30,36-63,40-23
2000,NL East,1,Atlanta Braves,95,67,.586,--,,5.0,4.4,0.6,-0.2,0.4,90-72,5,27-24,25-23,32-13,11-7,51-30,44-37,3-5,18-18,74-53,21-14,42-33,53-34
2000,NL East,2,New York Mets,94,68,.580,1.0,1.0,5.0,4.6,0.4,-0.1,0.3,88-74,6,27-23,34-16,24-20,9-9,55-26,39-42,10-8,29-20,76-55,18-13,42-36,52-32
2000,NL East,3,Florida Marlins,79,82,.491,15.5,30.0,4.5,5.0,-0.4,-0.1,-0.5,74-87,5,28-22,26-23,17-28,8-9,43-38,36-44,9-5,32-20,62-60,17-22,40-46,39-36
2000,NL East,4,Montreal Expos,67,95,.414,28.0,67.5,4.6,5.6,-1.0,0.0,-1.1,66-96,1,21-29,23-27,16-28,7-11,37-44,30-51,4-4,23-24,48-71,19-24,31-57,36-38
2000,NL East,5,Philadelphia Phillies,65,97,.401,30.0,75.5,4.4,5.1,-0.8,-0.1,-0.8,69-93,-4,23-28,21-29,12-31,9-9,34-47,31-50,4-12,25-35,51-75,14-22,34-53,31-44
2000,AL Central,1,Chicago White Sox,95,67,.586,--,,6.0,5.2,0.9,0.0,0.9,92-70,3,30-24,29-20,24-17,12-6,46-35,49-32,7-4,28-18,74-57,21-10,49-35,46-32
2000,AL Central,2,Cleveland Indians,90,72,.556,5.0,5.0,5.9,5.0,0.8,0.0,0.9,92-70,-2,31-22,21-30,25-15,13-5,48-33,42-39,6-5,17-24,73-51,17-21,48-38,42-34
2000,AL Central,3,Detroit Tigers,79,83,.488,16.0,27.0,5.1,5.1,0.0,0.1,0.0,81-81,-2,24-31,22-28,23-16,10-8,43-38,36-45,8-4,20-18,55-62,24-21,48-48,31-35
2000,AL Central,4,Kansas City Royals,77,85,.475,18.0,33.0,5.4,5.7,-0.3,0.1,-0.2,77-85,0,24-26,28-20,17-29,8-10,42-39,35-46,7-8,21-26,59-61,18-24,41-52,36-33
2000,AL Central,5,Minnesota Twins,69,93,.426,26.0,65.0,4.6,5.4,-0.8,0.1,-0.7,69-93,0,19-29,24-26,19-27,7-11,36-45,33-48,7-9,22-26,58-64,11-29,38-56,31-37
2000,AL West,1,Oakland Athletics,91,70,.565,--,,5.9,5.0,0.8,0.1,0.9,92-69,-1,30-20,28-27,22-16,11-7,47-34,44-36,8-5,21-19,70-44,21-26,49-42,42-28
2000,AL West,2,Seattle Mariners,91,71,.562,0.5,0.5,5.6,4.8,0.8,0.0,0.8,92-70,-1,35-17,26-28,19-19,11-7,47-34,44-37,3-4,15-22,71-60,20-11,46-43,45-28
2000,AL West,3,Anaheim Angels,82,80,.506,9.5,18.5,5.3,5.4,0.0,0.1,0.1,81-81,1,28-27,25-26,17-21,12-6,46-35,36-45,9-7,32-23,61-55,21-25,42-49,40-31
2000,AL West,4,Texas Rangers,71,91,.438,20.5,51.5,5.2,6.0,-0.8,0.2,-0.6,71-91,0,22-34,25-27,17-19,7-11,42-39,29-52,5-5,27-25,52-76,19-15,40-63,31-28
2000,AL East,1,New York Yankees,87,74,.540,--,,5.4,5.1,0.4,0.0,0.4,85-76,2,25-24,26-28,25-16,11-6,44-36,43-38,4-4,20-18,65-50,22-24,42-43,45-31
2000,AL East,2,Boston Red Sox,85,77,.525,2.5,2.5,4.9,4.6,0.3,0.0,0.3,86-76,-1,23-26,32-24,21-18,9-9,42-39,43-38,5-8,20-23,65-55,20-22,41-46,44-31
2000,AL East,3,Toronto Blue Jays,83,79,.512,4.5,6.5,5.3,5.6,-0.3,0.0,-0.2,77-85,6,28-21,28-25,18-24,9-9,45-36,38-43,2-6,21-19,64-55,19-24,39-45,44-34
2000,AL East,4,Baltimore Orioles,74,88,.457,13.5,33.5,4.9,5.6,-0.7,0.1,-0.7,71-91,3,25-25,24-24,18-28,7-11,44-37,30-51,4-7,29-25,51-64,23-24,39-57,35-31
2000,AL East,5,Tampa Bay Devil Rays,69,92,.429,18.0,51.5,4.6,5.2,-0.7,0.1,-0.6,70-91,-1,22-27,22-27,16-29,9-9,36-44,33-48,9-5,26-26,58-67,11-25,36-59,33-33
2005,NL Central,1,St. Louis Cardinals,100,62,.617,--,,5.0,3.9,1.1,-0.3,0.7,98-64,2,18-14,51-29,21-14,10-5,50-31,50-31,5-3,21-25,68-42,32-20,47-30,53-32
2005,NL Central,2,Houston Astros,89,73,.549,11.0,11.0,4.3,3.7,0.5,-0.2,0.3,91-71,-2,20-16,43-36,19-13,7-8,53-28,36-45,4-4,25-21,64-49,25-24,39-35,50-38
2005,NL Central,3,Milwaukee Brewers,81,81,.500,19.0,27.0,4.5,4.3,0.2,-0.2,0.0,84-78,-3,18-18,38-41,17-15,8-7,46-35,35-46,3-8,21-21,54-61,27-20,36-47,45-34
2005,NL Central,4,Chicago Cubs,79,83,.488,21.0,33.0,4.3,4.4,-0.1,-0.1,-0.2,80-82,-1,11-23,43-36,19-15,6-9,38-43,41-40,5-5,26-20,55-56,24-27,46-55,33-28
2005,NL Central,5,Cincinnati Reds,73,89,.451,27.0,57.0,5.0,5.5,-0.4,-0.1,-0.5,75-87,-2,16-19,33-46,17-16,7-8,42-39,31-50,5-2,21-18,49-60,24-29,37-61,36-28
2005,NL Central,6,Pittsburgh Pirates,67,95,.414,33.0,87.0,4.2,4.7,-0.5,-0.2,-0.7,72-90,-5,14-19,30-50,18-19,5-7,34-47,33-48,4-8,15-28,48-68,19-27,36-58,31-37
2005,NL West,1,San Diego Padres,82,80,.506,--,,4.2,4.5,-0.3,-0.5,-0.7,77-85,5,16-14,20-21,39-34,7-11,46-35,36-45,9-8,29-20,61-57,21-23,31-29,51-51
2005,NL West,2,Arizona Diamondbacks,77,85,.475,5.0,5.0,4.3,5.3,-1.0,-0.4,-1.4,66-96,11,11-21,17-22,41-32,8-10,36-45,41-40,8-7,28-18,59-62,18-23,31-48,46-37
2005,NL West,3,San Francisco Giants,75,87,.463,7.0,9.0,4.0,4.6,-0.6,-0.4,-1.0,71-91,4,11-19,20-21,38-35,6-12,37-44,38-43,4-7,27-25,51-67,24-20,30-50,45-37
2005,NL West,4,Los Angeles Dodgers,71,91,.438,11.0,21.0,4.2,4.7,-0.4,-0.5,-0.9,74-88,-3,13-18,20-19,33-41,5-13,40-41,31-50,7-5,20-23,55-69,16-22,36-44,35-47
2005,NL West,5,Colorado Rockies,67,95,.414,15.0,37.0,4.6,5.3,-0.8,-0.4,-1.2,70-92,-3,14-17,15-28,32-41,6-9,40-41,27-54,4-4,25-24,49-70,18-25,27-48,40-47
2005,NL East,1,Atlanta Braves,90,72,.556,--,,4.7,4.2,0.6,-0.1,0.5,91-71,-1,42-33,28-14,13-17,7-8,53-28,37-44,6-7,23-20,68-56,22-16,57-51,33-21
2005,NL East,2,Philadelphia Phillies,88,74,.543,2.0,2.0,5.0,4.5,0.5,-0.1,0.4,89-73,-1,38-37,21-20,22-9,7-8,46-35,42-39,6-4,21-23,59-55,29-19,54-54,34-20
2005,NL East,3,Florida Marlins,83,79,.512,7.0,12.0,4.4,4.5,-0.1,-0.1,-0.2,79-83,4,34-39,21-22,18-13,10-5,45-36,38-43,5-9,20-23,62-63,21-16,47-56,36-23
2005,NL East,4,New York Mets,83,79,.512,7.0,12.0,4.5,4.0,0.5,-0.1,0.4,89-73,-6,38-36,20-21,20-12,5-10,48-33,35-46,8-6,21-24,65-58,18-21,57-58,26-21
2005,NL East,5,Washington Nationals,81,81,.500,9.0,20.0,3.9,4.2,-0.2,0.0,-0.2,77-85,4,34-41,19-20,16-14,12-6,41-40,40-41,6-11,30-31,58-58,23-23,48-60,33-21
2005,AL Central,1,Chicago White Sox,99,63,.611,--,,4.6,4.0,0.6,0.1,0.7,91-71,8,20-13,52-22,15-22,12-6,47-34,52-29,11-8,35-19,76-43,23-20,39-33,60-30
2005,AL Central,2,Cleveland Indians,93,69,.574,6.0,6.0,4.9,4.0,0.9,0.0,1.0,96-66,-3,19-17,40-35,19-14,15-3,43-38,50-31,6-8,22-36,67-45,26-24,31-40,62-29
2005,AL Central,3,Minnesota Twins,83,79,.512,16.0,26.0,4.2,4.1,0.2,0.2,0.3,84-78,-1,18-12,40-35,17-22,8-10,45-36,38-43,15-8,27-30,59-55,24-24,33-45,50-34
2005,AL Central,4,Detroit Tigers,71,91,.438,28.0,62.0,4.5,4.9,-0.4,0.2,-0.2,75-87,-4,19-19,29-46,14-17,9-9,39-42,32-49,8-3,22-26,50-70,21-21,32-59,39-32
2005,AL Central,5,Kansas City Royals,56,106,.346,43.0,122.0,4.3,5.8,-1.4,0.3,-1.1,60-102,-4,13-22,26-49,8-26,9-9,34-47,22-59,4-8,18-30,39-68,17-38,28-61,28-45
2005,AL West,1,Los Angeles Angels of Anaheim,95,67,.586,--,,4.7,4.0,0.7,0.3,1.0,93-69,2,19-22,30-17,34-22,12-6,49-32,46-35,9-10,33-26,70-42,25-25,44-35,51-32
2005,AL West,2,Oakland Athletics,88,74,.543,7.0,7.0,4.8,4.1,0.7,0.3,1.0,93-69,-5,21-27,25-15,32-24,10-8,45-36,43-38,10-4,26-24,60-56,28-18,37-41,51-33
2005,AL West,3,Texas Rangers,79,83,.488,16.0,25.0,5.3,5.3,0.0,0.4,0.4,82-80,-3,20-27,25-15,25-32,9-9,44-37,35-46,7-8,24-29,65-58,14-25,41-58,38-25
2005,AL West,4,Seattle Mariners,69,93,.426,26.0,55.0,4.3,4.6,-0.3,0.4,0.1,76-86,-7,17-25,21-26,21-34,10-8,39-42,30-51,2-5,26-23,47-66,22-27,41-58,28-35
2005,AL East,1,New York Yankees,95,67,.586,--,,5.5,4.9,0.6,0.3,0.9,90-72,5,41-33,18-13,25-14,11-7,53-28,42-39,4-4,27-16,65-44,30-23,36-33,59-34
2005,AL East,2,Boston Red Sox,95,67,.586,--,,5.6,5.0,0.6,0.3,0.9,90-72,5,39-35,22-13,22-13,12-6,54-27,41-40,6-2,27-15,66-45,29-22,39-28,56-39
2005,AL East,3,Toronto Blue Jays,80,82,.494,15.0,30.0,4.8,4.4,0.4,0.2,0.7,88-74,-8,38-36,15-19,19-17,8-10,43-38,37-44,4-6,16-31,57-58,23-24,39-46,41-36
2005,AL East,4,Baltimore Orioles,74,88,.457,21.0,48.0,4.5,4.9,-0.4,0.3,-0.1,74-88,0,36-37,13-22,17-19,8-10,36-45,38-43,2-6,14-25,49-58,25-30,31-51,43-37
2005,AL East,5,Tampa Bay Devil Rays,67,95,.414,28.0,76.0,4.6,5.8,-1.1,0.4,-0.7,65-97,2,31-44,15-22,18-14,3-15,40-41,27-54,5-4,29-25,47-63,20-32,37-53,30-42
2010,NL Central,1,Cincinnati Reds,91,71,.562,--,,4.9,4.2,0.6,-0.3,0.3,92-70,-1,17-15,49-30,17-19,8-7,49-32,42-39,11-8,27-27,58-49,33-22,20-33,71-38
2010,NL Central,2,St. Louis Cardinals,86,76,.531,5.0,5.0,4.5,4.0,0.6,-0.3,0.3,91-71,-5,18-15,39-39,20-16,9-6,52-29,34-47,6-8,20-22,60-48,26-28,37-23,49-53
2010,NL Central,3,Milwaukee Brewers,77,85,.475,14.0,23.0,4.6,5.0,-0.3,-0.2,-0.6,76-86,1,16-18,37-40,15-21,9-6,40-41,37-44,8-5,26-23,52-60,25-25,28-46,49-39
2010,NL Central,4,Houston Astros,76,86,.469,15.0,26.0,3.8,4.5,-0.7,-0.1,-0.9,68-94,8,15-19,45-33,13-22,3-12,42-39,34-47,7-6,21-18,49-68,27-18,30-47,46-39
2010,NL Central,5,Chicago Cubs,75,87,.463,16.0,30.0,4.2,4.7,-0.5,-0.2,-0.7,73-89,2,17-14,34-45,16-18,8-10,35-46,40-41,4-6,22-32,49-59,26-28,32-43,43-44
2010,NL Central,6,Pittsburgh Pirates,57,105,.352,34.0,120.0,3.6,5.3,-1.7,-0.1,-1.8,53-109,4,11-25,31-48,13-19,2-13,40-41,17-64,4-8,20-24,38-80,19-25,25-52,32-53
2010,NL West,1,San Francisco Giants,92,70,.568,--,,4.3,3.6,0.7,-0.1,0.6,94-68,-2,19-14,28-14,38-34,7-8,49-32,43-38,11-8,28-24,68-50,24-20,33-41,59-29
2010,NL West,2,San Diego Padres,90,72,.556,2.0,2.0,4.1,3.6,0.5,-0.1,0.4,91-71,-1,16-18,27-14,38-34,9-6,45-36,45-36,7-7,28-22,59-52,31-20,32-36,58-36
2010,NL West,3,Colorado Rockies,83,79,.512,9.0,16.0,4.8,4.4,0.3,-0.1,0.3,86-76,-3,16-18,21-20,37-35,9-6,52-29,31-50,8-10,28-30,49-52,34-27,40-32,43-47
2010,NL West,4,Los Angeles Dodgers,80,82,.494,12.0,25.0,4.1,4.3,-0.2,0.0,-0.2,78-84,2,13-20,23-19,40-32,4-11,45-36,35-46,9-4,26-24,57-55,23-27,42-51,38-31
2010,NL West,5,Arizona Diamondbacks,65,97,.401,27.0,85.0,4.4,5.2,-0.8,0.1,-0.7,69-93,-4,16-16,16-27,27-45,6-9,40-41,25-56,5-8,19-23,46-65,19-32,39-59,26-38
2010,NL East,1,Philadelphia Phillies,97,65,.599,--,,4.8,4.0,0.8,0.0,0.8,95-67,2,44-28,21-19,22-10,10-8,54-30,43-35,11-6,29-17,69-45,28-20,40-28,57-37
2010,NL East,2,Atlanta Braves,91,71,.562,6.0,6.0,4.6,3.9,0.7,-0.1,0.6,93-69,-2,38-34,25-16,19-15,9-6,56-25,35-46,8-7,23-22,63-44,28-27,29-33,62-38
2010,NL East,3,Florida Marlins,80,82,.494,17.0,28.0,4.4,4.4,0.0,0.0,0.0,81-81,-1,37-35,20-20,16-19,7-8,41-40,39-42,5-8,23-28,46-67,34-15,31-52,49-30
2010,NL East,4,New York Mets,79,83,.488,18.0,31.0,4.0,4.0,0.0,0.0,0.0,81-81,-2,31-41,21-19,14-18,13-5,47-34,32-49,7-9,25-30,57-66,22-17,37-42,42-41
2010,NL East,5,Washington Nationals,69,93,.426,28.0,71.0,4.0,4.6,-0.5,0.0,-0.5,72-90,-3,30-42,19-20,15-18,5-13,41-40,28-53,3-10,20-28,52-70,17-23,30-45,39-48
2010,AL Central,1,Minnesota Twins,94,68,.580,--,,4.8,4.1,0.7,0.0,0.7,92-70,2,15-21,47-25,24-12,8-10,53-28,41-40,9-5,31-23,62-44,32-24,50-42,44-26
2010,AL Central,2,Chicago White Sox,88,74,.543,6.0,6.0,4.6,4.3,0.3,0.0,0.3,86-76,2,17-18,32-40,24-13,15-3,45-36,43-38,6-10,28-21,68-54,20-20,38-47,50-27
2010,AL Central,3,Detroit Tigers,81,81,.500,13.0,20.0,4.6,4.6,0.0,0.0,0.0,82-80,-1,17-22,38-34,15-18,11-7,52-29,29-52,7-8,16-26,55-60,26-21,38-45,43-36
2010,AL Central,4,Cleveland Indians,69,93,.426,25.0,56.0,4.0,4.6,-0.7,0.1,-0.5,70-92,-1,17-24,34-38,13-18,5-13,38-43,31-50,6-6,23-21,51-65,18-28,45-68,24-25
2010,AL Central,5,Kansas City Royals,67,95,.414,27.0,64.0,4.2,5.2,-1.0,0.2,-0.9,65-97,2,17-18,29-43,13-24,8-10,38-43,29-52,10-8,27-30,55-71,12-24,44-69,23-26
2010,AL West,1,Texas Rangers,90,72,.556,--,,4.9,4.2,0.6,-0.1,0.6,91-71,-1,19-25,25-18,32-25,14-4,51-30,39-42,11-6,30-23,62-49,28-23,39-42,51-30
2010,AL West,2,Oakland Athletics,81,81,.500,9.0,9.0,4.1,3.9,0.2,0.1,0.3,85-77,-4,20-25,23-19,30-27,8-10,47-34,34-47,4-7,23-20,57-60,24-21,37-53,44-28
2010,AL West,3,Los Angeles Angels of Anaheim,80,82,.494,10.0,11.0,4.2,4.3,-0.1,0.1,0.0,79-83,1,15-27,19-26,35-22,11-7,43-38,37-44,9-7,24-25,57-54,23-28,46-60,34-22
2010,AL West,4,Seattle Mariners,61,101,.377,29.0,68.0,3.2,4.3,-1.1,0.2,-0.9,59-103,2,17-26,18-26,17-40,9-9,35-46,26-55,3-11,21-28,47-65,14-36,40-72,21-29
2010,AL East,1,Tampa Bay Rays,96,66,.593,--,,5.0,4.0,0.9,0.1,1.1,96-66,0,42-30,26-13,21-12,7-11,49-32,47-34,10-5,29-27,60-46,36-20,57-40,39-26
2010,AL East,2,New York Yankees,95,67,.586,1.0,1.0,5.3,4.3,1.0,0.1,1.1,97-65,-2,38-34,23-13,23-13,11-7,52-29,43-38,7-7,20-19,64-40,31-27,51-44,44-23
2010,AL East,3,Boston Red Sox,89,73,.549,7.0,13.0,5.0,4.6,0.5,0.2,0.7,88-74,1,37-35,15-18,24-15,13-5,46-35,43-38,6-12,22-26,61-44,28-29,50-53,39-20
2010,AL East,4,Toronto Blue Jays,85,77,.525,11.0,25.0,4.7,4.5,0.2,0.3,0.4,84-78,1,39-33,22-19,17-14,7-11,45-33,40-44,5-6,24-28,72-54,13-23,56-55,29-22
2010,AL East,5,Baltimore Orioles,66,96,.407,30.0,101.0,3.8,4.8,-1.1,0.4,-0.7,63-99,3,24-48,17-20,18-17,7-11,37-44,29-52,13-4,29-21,48-63,18-33,47-76,19-20
2015,NL Central,1,St. Louis Cardinals,100,62,.617,--,,4.0,3.2,0.8,-0.3,0.5,96-66,4,20-12,46-30,23-11,11-9,55-26,45-36,8-8,32-23,75-44,25-18,46-31,54-31
2015,NL Central,2,Pittsburgh Pirates,98,64,.605,2.0,2.0,4.3,3.7,0.6,-0.3,0.3,93-69,5,24-9,34-42,27-6,13-7,53-28,45-36,12-9,36-17,78-48,20-16,42-32,56-32
2015,NL Central,3,Chicago Cubs,97,65,.599,3.0,4.0,4.3,3.8,0.5,-0.3,0.2,90-72,7,22-12,46-30,19-13,10-10,49-32,48-33,13-5,34-21,77-51,20-14,44-32,53-33
2015,NL Central,4,Milwaukee Brewers,68,94,.420,32.0,91.0,4.0,4.5,-0.5,-0.2,-0.7,72-90,-4,17-16,31-45,12-21,8-12,34-47,34-47,4-5,16-16,49-74,19-20,36-61,32-33
2015,NL Central,5,Cincinnati Reds,64,98,.395,36.0,107.0,4.0,4.7,-0.7,-0.1,-0.8,69-93,-5,16-17,33-43,8-25,7-13,34-47,30-51,5-12,18-29,49-71,15-27,35-62,29-36
2015,NL West,1,Los Angeles Dodgers,92,70,.568,--,,4.1,3.7,0.4,-0.3,0.1,89-73,3,19-13,17-17,46-30,10-10,55-26,37-44,6-9,23-26,67-51,25-19,28-37,64-33
2015,NL West,2,San Francisco Giants,84,78,.519,8.0,8.0,4.3,3.9,0.4,-0.3,0.1,89-73,-5,18-15,15-18,38-38,13-7,47-34,37-44,6-5,19-28,62-56,22-22,29-33,55-45
2015,NL West,3,Arizona Diamondbacks,79,83,.488,13.0,18.0,4.4,4.4,0.0,-0.3,-0.2,82-80,-3,15-18,14-19,39-37,11-9,39-42,40-41,9-9,20-24,60-61,19-22,32-53,47-30
2015,NL West,4,San Diego Padres,74,88,.457,18.0,33.0,4.0,4.5,-0.5,-0.2,-0.7,72-90,2,17-16,15-18,35-41,7-13,39-42,35-46,7-5,22-21,55-67,19-21,33-50,41-38
2015,NL West,5,Colorado Rockies,68,94,.420,24.0,57.0,4.5,5.2,-0.7,-0.2,-0.9,71-91,-3,16-18,15-17,32-44,5-15,36-45,32-49,3-5,20-24,57-62,11-32,29-53,39-41
2015,NL East,1,New York Mets,90,72,.556,--,,4.2,3.8,0.4,-0.4,0.0,89-73,1,47-29,13-20,21-12,9-11,49-32,41-40,9-6,25-24,70-56,20-16,28-38,62-34
2015,NL East,2,Washington Nationals,83,79,.512,7.0,7.0,4.3,3.9,0.4,-0.4,0.0,89-73,-6,44-32,14-19,17-16,8-12,46-35,37-44,9-2,22-22,60-63,23-16,28-37,55-42
2015,NL East,3,Miami Marlins,71,91,.438,19.0,31.0,3.8,4.2,-0.4,-0.3,-0.7,74-88,-3,35-41,13-19,16-18,7-13,41-40,30-51,6-3,23-21,57-72,14-19,33-47,38-44
2015,NL East,4,Atlanta Braves,67,95,.414,23.0,43.0,3.5,4.7,-1.2,-0.2,-1.4,61-101,6,34-42,15-18,12-21,6-14,42-39,25-56,4-9,28-18,54-72,13-23,29-53,38-42
2015,NL East,5,Philadelphia Phillies,63,99,.389,27.0,59.0,3.9,5.0,-1.1,-0.2,-1.4,62-100,1,30-46,11-23,14-18,8-12,37-44,26-55,6-9,16-27,45-79,18-20,29-54,34-45
2015,AL Central,1,Kansas City Royals,95,67,.586,--,,4.5,4.0,0.5,0.2,0.7,90-72,5,18-16,44-32,20-12,13-7,51-30,44-37,10-6,23-17,64-40,31-27,47-43,48-24
2015,AL Central,2,Minnesota Twins,83,79,.512,12.0,12.0,4.3,4.3,0.0,0.2,0.2,81-81,2,19-14,40-36,16-17,8-12,46-35,37-44,6-8,21-20,55-53,28-26,42-46,41-33
2015,AL Central,3,Cleveland Indians,81,80,.503,13.5,15.0,4.2,4.0,0.2,0.2,0.4,84-77,-3,18-15,32-43,19-14,12-8,39-41,42-39,5-4,15-18,57-49,24-31,41-46,40-34
2015,AL Central,4,Chicago White Sox,76,86,.469,19.0,31.5,3.8,4.3,-0.5,0.3,-0.2,72-90,4,14-19,32-44,21-12,9-11,40-41,36-45,13-5,29-30,58-68,18-18,49-61,27-25
2015,AL Central,5,Detroit Tigers,74,87,.460,20.5,37.5,4.3,5.0,-0.7,0.3,-0.4,69-92,5,12-20,41-34,12-22,9-11,38-43,36-44,9-8,26-22,53-70,21-17,51-59,23-28
2015,AL West,1,Texas Rangers,88,74,.543,--,,4.6,4.5,0.1,0.2,0.4,83-79,5,23-11,18-14,36-40,11-9,43-38,45-36,5-4,27-22,53-43,35-31,48-36,40-38
2015,AL West,2,Houston Astros,86,76,.531,2.0,2.0,4.5,3.8,0.7,0.2,0.9,93-69,-7,18-16,14-18,38-38,16-4,53-28,33-48,8-6,21-29,56-45,30-31,42-43,44-33
2015,AL West,3,Los Angeles Angels of Anaheim,85,77,.525,3.0,4.0,4.1,4.2,-0.1,0.3,0.2,79-83,6,16-16,17-17,44-32,8-12,49-32,36-45,5-7,35-17,60-55,25-22,38-48,47-29
2015,AL West,4,Seattle Mariners,76,86,.469,12.0,31.0,4.0,4.5,-0.4,0.3,-0.1,74-88,2,15-17,14-20,39-37,8-12,36-45,40-41,10-13,28-29,54-54,22-32,44-58,32-28
2015,AL West,5,Oakland Athletics,68,94,.420,20.0,63.0,4.3,4.5,-0.2,0.3,0.1,77-85,-9,10-23,14-19,33-43,11-9,34-47,34-47,7-10,19-35,53-62,15-32,45-62,23-32
2015,AL East,1,Toronto Blue Jays,93,69,.574,--,,5.5,4.1,1.4,0.2,1.6,102-60,-9,42-34,20-14,19-13,12-8,53-28,40-41,8-6,15-28,73-54,20-15,53-33,40-36
2015,AL East,2,New York Yankees,87,75,.537,6.0,6.0,4.7,4.3,0.4,0.3,0.8,88-74,-1,38-38,21-12,17-16,11-9,45-36,42-39,4-9,23-24,60-52,27-23,40-47,47-28
2015,AL East,3,Baltimore Orioles,81,81,.500,12.0,18.0,4.4,4.3,0.1,0.4,0.5,83-79,-2,39-37,15-18,15-18,12-8,47-31,34-50,6-5,25-26,59-58,22-23,37-51,44-30
2015,AL East,4,Tampa Bay Rays,80,82,.494,13.0,21.0,4.0,4.0,0.0,0.4,0.4,81-81,-1,36-40,13-19,17-17,14-6,42-42,38-40,2-13,26-30,50-59,30-23,46-58,34-24
2015,AL East,5,Boston Red Sox,78,84,.481,15.0,29.0,4.6,4.6,0.0,0.4,0.3,81-81,-3,35-41,15-18,15-18,13-7,43-38,35-46,7-7,20-19,57-59,21-25,44-59,34-25
